Weekday,Date,Temp,Weather
Sunday,2022-06-26 0:00,14,Low clouds
Sunday,2022-06-26 1:00,9,Low clouds
Sunday,2022-06-26 2:00,10,Low clouds
Sunday,2022-06-26 3:00,9,Low clouds
Sunday,2022-06-26 4:00,9,Low clouds
Sunday,2022-06-26 5:00,12,Low clouds
Sunday,2022-06-26 6:00,17,Sunny
Sunday,2022-06-26 7:00,19,Sunny
Sunday,2022-06-26 8:00,19,Sunny
Sunday,2022-06-26 9:00,19,Sunny
Sunday,2022-06-26 10:00,20,Sunny
Sunday,2022-06-26 11:00,20,Sunny
Sunday,2022-06-26 12:00,20,Sunny
Sunday,2022-06-26 13:00,22,Sunny
Sunday,2022-06-26 14:00,21,Sunny
Sunday,2022-06-26 15:00,20,Sunny
Sunday,2022-06-26 16:00,20,Sunny
Sunday,2022-06-26 17:00,20,Sunny
Sunday,2022-06-26 18:00,20,Sunny
Sunday,2022-06-26 19:00,19,Sunny
Sunday,2022-06-26 20:00,12,Low clouds
Sunday,2022-06-26 21:00,9,Low clouds
Sunday,2022-06-26 22:00,9,Low clouds
Sunday,2022-06-26 23:00,9,Low clouds
Monday,2022-06-27 0:00,10,Clear
Monday,2022-06-27 1:00,10,Clear
Monday,2022-06-27 2:00,10,Clear
Monday,2022-06-27 3:00,10,Clear
Monday,2022-06-27 4:00,10,Clear
Monday,2022-06-27 5:00,10,Clear
Monday,2022-06-27 6:00,11,Sunny
Monday,2022-06-27 7:00,11,Sunny
Monday,2022-06-27 8:00,11,Sunny
Monday,2022-06-27 9:00,12,Sunny
Monday,2022-06-27 10:00,12,Sunny
Monday,2022-06-27 11:00,12,Sunny
Monday,2022-06-27 12:00,14,Sunny
Monday,2022-06-27 13:00,15,Sunny
Monday,2022-06-27 14:00,13,Sunny
Monday,2022-06-27 15:00,11,Sunny
Monday,2022-06-27 16:00,11,Sunny
Monday,2022-06-27 17:00,11,Sunny
Monday,2022-06-27 18:00,10,Low clouds
Monday,2022-06-27 19:00,10,Low clouds
Monday,2022-06-27 20:00,9,Low clouds
Monday,2022-06-27 21:00,8,Low clouds
Monday,2022-06-27 22:00,8,Low clouds
Monday,2022-06-27 23:00,7,Low clouds
Tuesday,2022-06-28 0:00,7,Low clouds
Tuesday,2022-06-28 1:00,7,Low clouds
Tuesday,2022-06-28 2:00,7,Low clouds
Tuesday,2022-06-28 3:00,6,Low clouds
Tuesday,2022-06-28 4:00,6,Low clouds
Tuesday,2022-06-28 5:00,6,Low clouds
Tuesday,2022-06-28 6:00,6,Low clouds
Tuesday,2022-06-28 7:00,5,Low clouds
Tuesday,2022-06-28 8:00,5,Low clouds
Tuesday,2022-06-28 9:00,5,Low clouds
Tuesday,2022-06-28 10:00,5,Low clouds
Tuesday,2022-06-28 11:00,5,Low clouds
Tuesday,2022-06-28 12:00,5,Low clouds
Tuesday,2022-06-28 13:00,7,Windy
Tuesday,2022-06-28 14:00,7,Windy
Tuesday,2022-06-28 15:00,7,Windy
Tuesday,2022-06-28 16:00,8,Windy
Tuesday,2022-06-28 17:00,8,Windy
Tuesday,2022-06-28 18:00,8,Clear
Tuesday,2022-06-28 19:00,8,Clear
Tuesday,2022-06-28 20:00,8,Clear
Tuesday,2022-06-28 21:00,10,Low clouds
Tuesday,2022-06-28 22:00,10,Low clouds
Tuesday,2022-06-28 23:00,10,Low clouds
Wednesday,2022-06-29 0:00,10,Low clouds
Wednesday,2022-06-29 1:00,10,Low clouds
Wednesday,2022-06-29 2:00,10,Low clouds
Wednesday,2022-06-29 3:00,11,Low clouds
Wednesday,2022-06-29 4:00,12,Low clouds
Wednesday,2022-06-29 5:00,13,Low clouds
Wednesday,2022-06-29 6:00,11,Rain and Thunderstorms
Wednesday,2022-06-29 7:00,11,Rain and Thunderstorms
Wednesday,2022-06-29 8:00,11,Rain and Thunderstorms
Wednesday,2022-06-29 9:00,11,Rain and Thunderstorms
Wednesday,2022-06-29 10:00,11,Rain and Thunderstorms
Wednesday,2022-06-29 11:00,11,Rain and Thunderstorms
Wednesday,2022-06-29 12:00,11,Rain and Thunderstorms
Wednesday,2022-06-29 13:00,13,Rain and Thunderstorms
Wednesday,2022-06-29 14:00,13,Rain and Thunderstorms
Wednesday,2022-06-29 15:00,13,Rain and Thunderstorms
Wednesday,2022-06-29 16:00,13,Rain and Thunderstorms
Wednesday,2022-06-29 17:00,13,Rain and Thunderstorms
Wednesday,2022-06-29 18:00,12,Rain and Thunderstorms
Wednesday,2022-06-29 19:00,12,Rain and Thunderstorms
Wednesday,2022-06-29 20:00,10,Rain and Thunderstorms
Wednesday,2022-06-29 21:00,10,Rain and Thunderstorms
Wednesday,2022-06-29 22:00,8,Clear
Wednesday,2022-06-29 23:00,8,Clear
Thursday,2022-06-30 0:00,10,Clear
Thursday,2022-06-30 1:00,10,Clear
Thursday,2022-06-30 2:00,10,Clear
Thursday,2022-06-30 3:00,10,Clear
Thursday,2022-06-30 4:00,10,Clear
Thursday,2022-06-30 5:00,10,Clear
Thursday,2022-06-30 6:00,13,Clear
Thursday,2022-06-30 7:00,13,Clear
Thursday,2022-06-30 8:00,13,Cloudy
Thursday,2022-06-30 9:00,15,Cloudy
Thursday,2022-06-30 10:00,16,Cloudy
Thursday,2022-06-30 11:00,17,Cloudy
Thursday,2022-06-30 12:00,18,Cloudy
Thursday,2022-06-30 13:00,22,Cloudy
Thursday,2022-06-30 14:00,22,Cloudy
Thursday,2022-06-30 15:00,22,Cloudy
Thursday,2022-06-30 16:00,22,Cloudy
Thursday,2022-06-30 17:00,21,Cloudy
Thursday,2022-06-30 18:00,20,Cloudy
Thursday,2022-06-30 19:00,15,Clear
Thursday,2022-06-30 20:00,15,Clear
Thursday,2022-06-30 21:00,15,Clear
Thursday,2022-06-30 22:00,15,Clear
Thursday,2022-06-30 23:00,15,Clear
Friday,2022-07-01 0:00,14,Low clouds
Friday,2022-07-01 1:00,9,Low clouds
Friday,2022-07-01 2:00,10,Low clouds
Friday,2022-07-01 3:00,9,Low clouds
Friday,2022-07-01 4:00,9,Low clouds
Friday,2022-07-01 5:00,12,Low clouds
Friday,2022-07-01 6:00,17,Sunny
Friday,2022-07-01 7:00,19,Sunny
Friday,2022-07-01 8:00,19,Sunny
Friday,2022-07-01 9:00,19,Sunny
Friday,2022-07-01 10:00,20,Sunny
Friday,2022-07-01 11:00,20,Sunny
Friday,2022-07-01 12:00,20,Sunny
Friday,2022-07-01 13:00,22,Sunny
Friday,2022-07-01 14:00,21,Sunny
Friday,2022-07-01 15:00,20,Sunny
Friday,2022-07-01 16:00,20,Sunny
Friday,2022-07-01 17:00,20,Sunny
Friday,2022-07-01 18:00,20,Sunny
Friday,2022-07-01 19:00,19,Sunny
Friday,2022-07-01 20:00,12,Low clouds
Friday,2022-07-01 21:00,9,Low clouds
Friday,2022-07-01 22:00,9,Low clouds
Friday,2022-07-01 23:00,9,Low clouds
Saturday,2022-07-02 0:00,9,Low clouds
Saturday,2022-07-02 1:00,9,Low clouds
Saturday,2022-07-02 2:00,9,Low clouds
Saturday,2022-07-02 3:00,9,Low clouds
Saturday,2022-07-02 4:00,9,Low clouds
Saturday,2022-07-02 5:00,10,Windy
Saturday,2022-07-02 6:00,11,Windy
Saturday,2022-07-02 7:00,12,Windy
Saturday,2022-07-02 8:00,13,Windy
Saturday,2022-07-02 9:00,14,Windy
Saturday,2022-07-02 10:00,15,Windy
Saturday,2022-07-02 11:00,15,Windy
Saturday,2022-07-02 12:00,15,Windy
Saturday,2022-07-02 13:00,16,Partly Sunny
Saturday,2022-07-02 14:00,16,Partly Sunny
Saturday,2022-07-02 15:00,16,Partly Sunny
Saturday,2022-07-02 16:00,16,Partly Sunny
Saturday,2022-07-02 17:00,16,Partly Sunny
Saturday,2022-07-02 18:00,14,Cloudy
Saturday,2022-07-02 19:00,14,Cloudy
Saturday,2022-07-02 20:00,14,Cloudy
Saturday,2022-07-02 21:00,14,Cloudy
Saturday,2022-07-02 22:00,14,Cloudy
Saturday,2022-07-02 23:00,15,Cloudy
Sunday,2022-07-03 0:00,15,Cloudy
Sunday,2022-07-03 1:00,15,Cloudy
Sunday,2022-07-03 2:00,15,Cloudy
Sunday,2022-07-03 3:00,16,Cloudy
Sunday,2022-07-03 4:00,17,Cloudy
Sunday,2022-07-03 5:00,18,Cloudy
Sunday,2022-07-03 6:00,18,Cloudy
Sunday,2022-07-03 7:00,18,Cloudy
Sunday,2022-07-03 8:00,18,Cloudy
Sunday,2022-07-03 9:00,18,Cloudy
Sunday,2022-07-03 10:00,18,Cloudy
Sunday,2022-07-03 11:00,18,Cloudy
Sunday,2022-07-03 12:00,19,Cloudy
Sunday,2022-07-03 13:00,20,Cloudy
Sunday,2022-07-03 14:00,21,Cloudy
Sunday,2022-07-03 15:00,18,Cloudy
Sunday,2022-07-03 16:00,18,Cloudy
Sunday,2022-07-03 17:00,17,Cloudy
Sunday,2022-07-03 18:00,17,Cloudy
Sunday,2022-07-03 19:00,16,Cloudy
Sunday,2022-07-03 20:00,15,Cloudy
Sunday,2022-07-03 21:00,15,Cloudy
Sunday,2022-07-03 22:00,13,Cloudy
Sunday,2022-07-03 23:00,12,Cloudy
Monday,2022-07-04 0:00,10,Clear
Monday,2022-07-04 1:00,10,Clear
Monday,2022-07-04 2:00,10,Clear
Monday,2022-07-04 3:00,10,Clear
Monday,2022-07-04 4:00,10,Clear
Monday,2022-07-04 5:00,10,Clear
Monday,2022-07-04 6:00,11,Sunny
Monday,2022-07-04 7:00,11,Sunny
Monday,2022-07-04 8:00,11,Sunny
Monday,2022-07-04 9:00,12,Sunny
Monday,2022-07-04 10:00,12,Sunny
Monday,2022-07-04 11:00,12,Sunny
Monday,2022-07-04 12:00,14,Sunny
Monday,2022-07-04 13:00,15,Sunny
Monday,2022-07-04 14:00,13,Sunny
Monday,2022-07-04 15:00,11,Sunny
Monday,2022-07-04 16:00,11,Sunny
Monday,2022-07-04 17:00,11,Sunny
Monday,2022-07-04 18:00,10,Low clouds
Monday,2022-07-04 19:00,10,Low clouds
Monday,2022-07-04 20:00,9,Low clouds
Monday,2022-07-04 21:00,8,Low clouds
Monday,2022-07-04 22:00,8,Low clouds
Monday,2022-07-04 23:00,7,Low clouds
Tuesday,2022-07-05 0:00,7,Low clouds
Tuesday,2022-07-05 1:00,7,Low clouds
Tuesday,2022-07-05 2:00,7,Low clouds
Tuesday,2022-07-05 3:00,6,Low clouds
Tuesday,2022-07-05 4:00,6,Low clouds
Tuesday,2022-07-05 5:00,6,Low clouds
Tuesday,2022-07-05 6:00,6,Low clouds
Tuesday,2022-07-05 7:00,5,Low clouds
Tuesday,2022-07-05 8:00,5,Low clouds
Tuesday,2022-07-05 9:00,5,Low clouds
Tuesday,2022-07-05 10:00,5,Low clouds
Tuesday,2022-07-05 11:00,5,Low clouds
Tuesday,2022-07-05 12:00,5,Low clouds
Tuesday,2022-07-05 13:00,7,Windy
Tuesday,2022-07-05 14:00,7,Windy
Tuesday,2022-07-05 15:00,7,Windy
Tuesday,2022-07-05 16:00,8,Windy
Tuesday,2022-07-05 17:00,8,Windy
Tuesday,2022-07-05 18:00,8,Clear
Tuesday,2022-07-05 19:00,8,Clear
Tuesday,2022-07-05 20:00,8,Clear
Tuesday,2022-07-05 21:00,10,Low clouds
Tuesday,2022-07-05 22:00,10,Low clouds
Tuesday,2022-07-05 23:00,10,Low clouds
Wednesday,2022-07-06 0:00,10,Low clouds
Wednesday,2022-07-06 1:00,10,Low clouds
Wednesday,2022-07-06 2:00,10,Low clouds
Wednesday,2022-07-06 3:00,11,Low clouds
Wednesday,2022-07-06 4:00,12,Low clouds
Wednesday,2022-07-06 5:00,13,Low clouds
Wednesday,2022-07-06 6:00,11,Rain and Thunderstorms
Wednesday,2022-07-06 7:00,11,Rain and Thunderstorms
Wednesday,2022-07-06 8:00,11,Rain and Thunderstorms
Wednesday,2022-07-06 9:00,11,Rain and Thunderstorms
Wednesday,2022-07-06 10:00,11,Rain and Thunderstorms
Wednesday,2022-07-06 11:00,11,Rain and Thunderstorms
Wednesday,2022-07-06 12:00,11,Rain and Thunderstorms
Wednesday,2022-07-06 13:00,13,Rain and Thunderstorms
Wednesday,2022-07-06 14:00,13,Rain and Thunderstorms
Wednesday,2022-07-06 15:00,13,Rain and Thunderstorms
Wednesday,2022-07-06 16:00,13,Rain and Thunderstorms
Wednesday,2022-07-06 17:00,13,Rain and Thunderstorms
Wednesday,2022-07-06 18:00,12,Rain and Thunderstorms
Wednesday,2022-07-06 19:00,12,Rain and Thunderstorms
Wednesday,2022-07-06 20:00,10,Rain and Thunderstorms
Wednesday,2022-07-06 21:00,10,Rain and Thunderstorms
Wednesday,2022-07-06 22:00,8,Clear
Wednesday,2022-07-06 23:00,8,Clear
Thursday,2022-07-07 0:00,10,Clear
Thursday,2022-07-07 1:00,10,Clear
Thursday,2022-07-07 2:00,10,Clear
Thursday,2022-07-07 3:00,10,Clear
Thursday,2022-07-07 4:00,10,Clear
Thursday,2022-07-07 5:00,10,Clear
Thursday,2022-07-07 6:00,13,Clear
Thursday,2022-07-07 7:00,13,Clear
Thursday,2022-07-07 8:00,13,Cloudy
Thursday,2022-07-07 9:00,15,Cloudy
Thursday,2022-07-07 10:00,16,Cloudy
Thursday,2022-07-07 11:00,17,Cloudy
Thursday,2022-07-07 12:00,18,Cloudy
Thursday,2022-07-07 13:00,22,Cloudy
Thursday,2022-07-07 14:00,22,Cloudy
Thursday,2022-07-07 15:00,22,Cloudy
Thursday,2022-07-07 16:00,22,Cloudy
Thursday,2022-07-07 17:00,21,Cloudy
Thursday,2022-07-07 18:00,20,Cloudy
Thursday,2022-07-07 19:00,15,Clear
Thursday,2022-07-07 20:00,15,Clear
Thursday,2022-07-07 21:00,15,Clear
Thursday,2022-07-07 22:00,15,Clear
Thursday,2022-07-07 23:00,15,Clear
Friday,2022-07-08 0:00,14,Low clouds
Friday,2022-07-08 1:00,9,Low clouds
Friday,2022-07-08 2:00,10,Low clouds
Friday,2022-07-08 3:00,9,Low clouds
Friday,2022-07-08 4:00,9,Low clouds
Friday,2022-07-08 5:00,12,Low clouds
Friday,2022-07-08 6:00,17,Sunny
Friday,2022-07-08 7:00,19,Sunny
Friday,2022-07-08 8:00,19,Sunny
Friday,2022-07-08 9:00,19,Sunny
Friday,2022-07-08 10:00,20,Sunny
Friday,2022-07-08 11:00,20,Sunny
Friday,2022-07-08 12:00,20,Sunny
Friday,2022-07-08 13:00,22,Sunny
Friday,2022-07-08 14:00,21,Sunny
Friday,2022-07-08 15:00,20,Sunny
Friday,2022-07-08 16:00,20,Sunny
Friday,2022-07-08 17:00,20,Sunny
Friday,2022-07-08 18:00,20,Sunny
Friday,2022-07-08 19:00,19,Sunny
Friday,2022-07-08 20:00,12,Low clouds
Friday,2022-07-08 21:00,9,Low clouds
Friday,2022-07-08 22:00,9,Low clouds
Friday,2022-07-08 23:00,9,Low clouds
Saturday,2022-07-09 0:00,9,Low clouds
Saturday,2022-07-09 1:00,9,Low clouds
Saturday,2022-07-09 2:00,9,Low clouds
Saturday,2022-07-09 3:00,9,Low clouds
Saturday,2022-07-09 4:00,9,Low clouds
Saturday,2022-07-09 5:00,10,Windy
Saturday,2022-07-09 6:00,11,Windy
Saturday,2022-07-09 7:00,12,Windy
Saturday,2022-07-09 8:00,13,Windy
Saturday,2022-07-09 9:00,14,Windy
Saturday,2022-07-09 10:00,15,Windy
Saturday,2022-07-09 11:00,15,Windy
Saturday,2022-07-09 12:00,15,Windy
Saturday,2022-07-09 13:00,16,Partly Sunny
Saturday,2022-07-09 14:00,16,Partly Sunny
Saturday,2022-07-09 15:00,16,Partly Sunny
Saturday,2022-07-09 16:00,16,Partly Sunny
Saturday,2022-07-09 17:00,16,Partly Sunny
Saturday,2022-07-09 18:00,14,Cloudy
Saturday,2022-07-09 19:00,14,Cloudy
Saturday,2022-07-09 20:00,14,Cloudy
Saturday,2022-07-09 21:00,14,Cloudy
Saturday,2022-07-09 22:00,14,Cloudy
Saturday,2022-07-09 23:00,15,Cloudy
Sunday,2022-07-10 0:00,15,Cloudy
Sunday,2022-07-10 1:00,15,Cloudy
Sunday,2022-07-10 2:00,15,Cloudy
Sunday,2022-07-10 3:00,16,Cloudy
Sunday,2022-07-10 4:00,17,Cloudy
Sunday,2022-07-10 5:00,18,Cloudy
Sunday,2022-07-10 6:00,18,Cloudy
Sunday,2022-07-10 7:00,18,Cloudy
Sunday,2022-07-10 8:00,18,Cloudy
Sunday,2022-07-10 9:00,18,Cloudy
Sunday,2022-07-10 10:00,18,Cloudy
Sunday,2022-07-10 11:00,18,Cloudy
Sunday,2022-07-10 12:00,19,Cloudy
Sunday,2022-07-10 13:00,20,Cloudy
Sunday,2022-07-10 14:00,21,Cloudy
Sunday,2022-07-10 15:00,18,Cloudy
Sunday,2022-07-10 16:00,18,Cloudy
Sunday,2022-07-10 17:00,17,Cloudy
Sunday,2022-07-10 18:00,17,Cloudy
Sunday,2022-07-10 19:00,16,Cloudy
Sunday,2022-07-10 20:00,15,Cloudy
Sunday,2022-07-10 21:00,15,Cloudy
Sunday,2022-07-10 22:00,13,Cloudy
Sunday,2022-07-10 23:00,12,Cloudy
Monday,2022-07-11 0:00,10,Clear
Monday,2022-07-11 1:00,10,Clear
Monday,2022-07-11 2:00,10,Clear
Monday,2022-07-11 3:00,10,Clear
Monday,2022-07-11 4:00,10,Clear
Monday,2022-07-11 5:00,10,Clear
Monday,2022-07-11 6:00,11,Sunny
Monday,2022-07-11 7:00,11,Sunny
Monday,2022-07-11 8:00,11,Sunny
Monday,2022-07-11 9:00,12,Sunny
Monday,2022-07-11 10:00,12,Sunny
Monday,2022-07-11 11:00,12,Sunny
Monday,2022-07-11 12:00,14,Sunny
Monday,2022-07-11 13:00,15,Sunny
Monday,2022-07-11 14:00,13,Sunny
Monday,2022-07-11 15:00,11,Sunny
Monday,2022-07-11 16:00,11,Sunny
Monday,2022-07-11 17:00,11,Sunny
Monday,2022-07-11 18:00,10,Low clouds
Monday,2022-07-11 19:00,10,Low clouds
Monday,2022-07-11 20:00,9,Low clouds
Monday,2022-07-11 21:00,8,Low clouds
Monday,2022-07-11 22:00,8,Low clouds
Monday,2022-07-11 23:00,7,Low clouds
Tuesday,2022-07-12 0:00,7,Low clouds
Tuesday,2022-07-12 1:00,7,Low clouds
Tuesday,2022-07-12 2:00,7,Low clouds
Tuesday,2022-07-12 3:00,6,Low clouds
Tuesday,2022-07-12 4:00,6,Low clouds
Tuesday,2022-07-12 5:00,6,Low clouds
Tuesday,2022-07-12 6:00,6,Low clouds
Tuesday,2022-07-12 7:00,5,Low clouds
Tuesday,2022-07-12 8:00,5,Low clouds
Tuesday,2022-07-12 9:00,5,Low clouds
Tuesday,2022-07-12 10:00,5,Low clouds
Tuesday,2022-07-12 11:00,5,Low clouds
Tuesday,2022-07-12 12:00,5,Low clouds
Tuesday,2022-07-12 13:00,7,Windy
Tuesday,2022-07-12 14:00,7,Windy
Tuesday,2022-07-12 15:00,7,Windy
Tuesday,2022-07-12 16:00,8,Windy
Tuesday,2022-07-12 17:00,8,Windy
Tuesday,2022-07-12 18:00,8,Clear
Tuesday,2022-07-12 19:00,8,Clear
Tuesday,2022-07-12 20:00,8,Clear
Tuesday,2022-07-12 21:00,10,Low clouds
Tuesday,2022-07-12 22:00,10,Low clouds
Tuesday,2022-07-12 23:00,10,Low clouds
Wednesday,2022-07-13 0:00,10,Low clouds
Wednesday,2022-07-13 1:00,10,Low clouds
Wednesday,2022-07-13 2:00,10,Low clouds
Wednesday,2022-07-13 3:00,11,Low clouds
Wednesday,2022-07-13 4:00,12,Low clouds
Wednesday,2022-07-13 5:00,13,Low clouds
Wednesday,2022-07-13 6:00,11,Rain and Thunderstorms
Wednesday,2022-07-13 7:00,11,Rain and Thunderstorms
Wednesday,2022-07-13 8:00,11,Rain and Thunderstorms
Wednesday,2022-07-13 9:00,11,Rain and Thunderstorms
Wednesday,2022-07-13 10:00,11,Rain and Thunderstorms
Wednesday,2022-07-13 11:00,11,Rain and Thunderstorms
Wednesday,2022-07-13 12:00,11,Rain and Thunderstorms
Wednesday,2022-07-13 13:00,13,Rain and Thunderstorms
Wednesday,2022-07-13 14:00,13,Rain and Thunderstorms
Wednesday,2022-07-13 15:00,13,Rain and Thunderstorms
Wednesday,2022-07-13 16:00,13,Rain and Thunderstorms
Wednesday,2022-07-13 17:00,13,Rain and Thunderstorms
Wednesday,2022-07-13 18:00,12,Rain and Thunderstorms
Wednesday,2022-07-13 19:00,12,Rain and Thunderstorms
Wednesday,2022-07-13 20:00,10,Rain and Thunderstorms
Wednesday,2022-07-13 21:00,10,Rain and Thunderstorms
Wednesday,2022-07-13 22:00,8,Clear
Wednesday,2022-07-13 23:00,8,Clear
Thursday,2022-07-14 0:00,10,Clear
Thursday,2022-07-14 1:00,10,Clear
Thursday,2022-07-14 2:00,10,Clear
Thursday,2022-07-14 3:00,10,Clear
Thursday,2022-07-14 4:00,10,Clear
Thursday,2022-07-14 5:00,10,Clear
Thursday,2022-07-14 6:00,13,Clear
Thursday,2022-07-14 7:00,13,Clear
Thursday,2022-07-14 8:00,13,Cloudy
Thursday,2022-07-14 9:00,15,Cloudy
Thursday,2022-07-14 10:00,16,Cloudy
Thursday,2022-07-14 11:00,17,Cloudy
Thursday,2022-07-14 12:00,18,Cloudy
Thursday,2022-07-14 13:00,22,Cloudy
Thursday,2022-07-14 14:00,22,Cloudy
Thursday,2022-07-14 15:00,22,Cloudy
Thursday,2022-07-14 16:00,22,Cloudy
Thursday,2022-07-14 17:00,21,Cloudy
Thursday,2022-07-14 18:00,20,Cloudy
Thursday,2022-07-14 19:00,15,Clear
Thursday,2022-07-14 20:00,15,Clear
Thursday,2022-07-14 21:00,15,Clear
Thursday,2022-07-14 22:00,15,Clear
Thursday,2022-07-14 23:00,15,Clear
Friday,2022-07-15 0:00,14,Low clouds
Friday,2022-07-15 1:00,9,Low clouds
Friday,2022-07-15 2:00,10,Low clouds
Friday,2022-07-15 3:00,9,Low clouds
Friday,2022-07-15 4:00,9,Low clouds
Friday,2022-07-15 5:00,12,Low clouds
Friday,2022-07-15 6:00,17,Sunny
Friday,2022-07-15 7:00,19,Sunny
Friday,2022-07-15 8:00,19,Sunny
Friday,2022-07-15 9:00,19,Sunny
Friday,2022-07-15 10:00,20,Sunny
Friday,2022-07-15 11:00,20,Sunny
Friday,2022-07-15 12:00,20,Sunny
Friday,2022-07-15 13:00,22,Sunny
Friday,2022-07-15 14:00,21,Sunny
Friday,2022-07-15 15:00,20,Sunny
Friday,2022-07-15 16:00,20,Sunny
Friday,2022-07-15 17:00,20,Sunny
Friday,2022-07-15 18:00,20,Sunny
Friday,2022-07-15 19:00,19,Sunny
Friday,2022-07-15 20:00,12,Low clouds
Friday,2022-07-15 21:00,9,Low clouds
Friday,2022-07-15 22:00,9,Low clouds
Friday,2022-07-15 23:00,9,Low clouds
Saturday,2022-07-16 0:00,9,Low clouds
Saturday,2022-07-16 1:00,9,Low clouds
Saturday,2022-07-16 2:00,9,Low clouds
Saturday,2022-07-16 3:00,9,Low clouds
Saturday,2022-07-16 4:00,9,Low clouds
Saturday,2022-07-16 5:00,10,Windy
Saturday,2022-07-16 6:00,11,Windy
Saturday,2022-07-16 7:00,12,Windy
Saturday,2022-07-16 8:00,13,Windy
Saturday,2022-07-16 9:00,14,Windy
Saturday,2022-07-16 10:00,15,Windy
Saturday,2022-07-16 11:00,15,Windy
Saturday,2022-07-16 12:00,15,Windy
Saturday,2022-07-16 13:00,16,Partly Sunny
Saturday,2022-07-16 14:00,16,Partly Sunny
Saturday,2022-07-16 15:00,16,Partly Sunny
Saturday,2022-07-16 16:00,16,Partly Sunny
Saturday,2022-07-16 17:00,16,Partly Sunny
Saturday,2022-07-16 18:00,14,Cloudy
Saturday,2022-07-16 19:00,14,Cloudy
Saturday,2022-07-16 20:00,14,Cloudy
Saturday,2022-07-16 21:00,14,Cloudy
Saturday,2022-07-16 22:00,14,Cloudy
Saturday,2022-07-16 23:00,15,Cloudy
Sunday,2022-07-17 0:00,15,Cloudy
Sunday,2022-07-17 1:00,15,Cloudy
Sunday,2022-07-17 2:00,15,Cloudy
Sunday,2022-07-17 3:00,16,Cloudy
Sunday,2022-07-17 4:00,17,Cloudy
Sunday,2022-07-17 5:00,18,Cloudy
Sunday,2022-07-17 6:00,18,Cloudy
Sunday,2022-07-17 7:00,18,Cloudy
Sunday,2022-07-17 8:00,18,Cloudy
Sunday,2022-07-17 9:00,18,Cloudy
Sunday,2022-07-17 10:00,18,Cloudy
Sunday,2022-07-17 11:00,18,Cloudy
Sunday,2022-07-17 12:00,19,Cloudy
Sunday,2022-07-17 13:00,20,Cloudy
Sunday,2022-07-17 14:00,21,Cloudy
Sunday,2022-07-17 15:00,18,Cloudy
Sunday,2022-07-17 16:00,18,Cloudy
Sunday,2022-07-17 17:00,17,Cloudy
Sunday,2022-07-17 18:00,17,Cloudy
Sunday,2022-07-17 19:00,16,Cloudy
Sunday,2022-07-17 20:00,15,Cloudy
Sunday,2022-07-17 21:00,15,Cloudy
Sunday,2022-07-17 22:00,13,Cloudy
Sunday,2022-07-17 23:00,12,Cloudy
Monday,2022-07-18 0:00,10,Clear
Monday,2022-07-18 1:00,10,Clear
Monday,2022-07-18 2:00,10,Clear
Monday,2022-07-18 3:00,10,Clear
Monday,2022-07-18 4:00,10,Clear
Monday,2022-07-18 5:00,10,Clear
Monday,2022-07-18 6:00,11,Sunny
Monday,2022-07-18 7:00,11,Sunny
Monday,2022-07-18 8:00,11,Sunny
Monday,2022-07-18 9:00,12,Sunny
Monday,2022-07-18 10:00,12,Sunny
Monday,2022-07-18 11:00,12,Sunny
Monday,2022-07-18 12:00,14,Sunny
Monday,2022-07-18 13:00,15,Sunny
Monday,2022-07-18 14:00,13,Sunny
Monday,2022-07-18 15:00,11,Sunny
Monday,2022-07-18 16:00,11,Sunny
Monday,2022-07-18 17:00,11,Sunny
Monday,2022-07-18 18:00,10,Low clouds
Monday,2022-07-18 19:00,10,Low clouds
Monday,2022-07-18 20:00,9,Low clouds
Monday,2022-07-18 21:00,8,Low clouds
Monday,2022-07-18 22:00,8,Low clouds
Monday,2022-07-18 23:00,7,Low clouds
Tuesday,2022-07-19 0:00,7,Low clouds
Tuesday,2022-07-19 1:00,7,Low clouds
Tuesday,2022-07-19 2:00,7,Low clouds
Tuesday,2022-07-19 3:00,6,Low clouds
Tuesday,2022-07-19 4:00,6,Low clouds
Tuesday,2022-07-19 5:00,6,Low clouds
Tuesday,2022-07-19 6:00,6,Low clouds
Tuesday,2022-07-19 7:00,5,Low clouds
Tuesday,2022-07-19 8:00,5,Low clouds
Tuesday,2022-07-19 9:00,5,Low clouds
Tuesday,2022-07-19 10:00,5,Low clouds
Tuesday,2022-07-19 11:00,5,Low clouds
Tuesday,2022-07-19 12:00,5,Low clouds
Tuesday,2022-07-19 13:00,7,Windy
Tuesday,2022-07-19 14:00,7,Windy
Tuesday,2022-07-19 15:00,7,Windy
Tuesday,2022-07-19 16:00,8,Windy
Tuesday,2022-07-19 17:00,8,Windy
Tuesday,2022-07-19 18:00,8,Clear
Tuesday,2022-07-19 19:00,8,Clear
Tuesday,2022-07-19 20:00,8,Clear
Tuesday,2022-07-19 21:00,10,Low clouds
Tuesday,2022-07-19 22:00,10,Low clouds
Tuesday,2022-07-19 23:00,10,Low clouds
Wednesday,2022-07-20 0:00,10,Low clouds
Wednesday,2022-07-20 1:00,10,Low clouds
Wednesday,2022-07-20 2:00,10,Low clouds
Wednesday,2022-07-20 3:00,11,Low clouds
Wednesday,2022-07-20 4:00,12,Low clouds
Wednesday,2022-07-20 5:00,13,Low clouds
Wednesday,2022-07-20 6:00,11,Rain and Thunderstorms
Wednesday,2022-07-20 7:00,11,Rain and Thunderstorms
Wednesday,2022-07-20 8:00,11,Rain and Thunderstorms
Wednesday,2022-07-20 9:00,11,Rain and Thunderstorms
Wednesday,2022-07-20 10:00,11,Rain and Thunderstorms
Wednesday,2022-07-20 11:00,11,Rain and Thunderstorms
Wednesday,2022-07-20 12:00,11,Rain and Thunderstorms
Wednesday,2022-07-20 13:00,13,Rain and Thunderstorms
Wednesday,2022-07-20 14:00,13,Rain and Thunderstorms
Wednesday,2022-07-20 15:00,13,Rain and Thunderstorms
Wednesday,2022-07-20 16:00,13,Rain and Thunderstorms
Wednesday,2022-07-20 17:00,13,Rain and Thunderstorms
Wednesday,2022-07-20 18:00,12,Rain and Thunderstorms
Wednesday,2022-07-20 19:00,12,Rain and Thunderstorms
Wednesday,2022-07-20 20:00,10,Rain and Thunderstorms
Wednesday,2022-07-20 21:00,10,Rain and Thunderstorms
Wednesday,2022-07-20 22:00,8,Clear
Wednesday,2022-07-20 23:00,8,Clear
Thursday,2022-07-21 0:00,10,Clear
Thursday,2022-07-21 1:00,10,Clear
Thursday,2022-07-21 2:00,10,Clear
Thursday,2022-07-21 3:00,10,Clear
Thursday,2022-07-21 4:00,10,Clear
Thursday,2022-07-21 5:00,10,Clear
Thursday,2022-07-21 6:00,13,Clear
Thursday,2022-07-21 7:00,13,Clear
Thursday,2022-07-21 8:00,13,Cloudy
Thursday,2022-07-21 9:00,15,Cloudy
Thursday,2022-07-21 10:00,16,Cloudy
Thursday,2022-07-21 11:00,17,Cloudy
Thursday,2022-07-21 12:00,18,Cloudy
Thursday,2022-07-21 13:00,22,Cloudy
Thursday,2022-07-21 14:00,22,Cloudy
Thursday,2022-07-21 15:00,22,Cloudy
Thursday,2022-07-21 16:00,22,Cloudy
Thursday,2022-07-21 17:00,21,Cloudy
Thursday,2022-07-21 18:00,20,Cloudy
Thursday,2022-07-21 19:00,15,Clear
Thursday,2022-07-21 20:00,15,Clear
Thursday,2022-07-21 21:00,15,Clear
Thursday,2022-07-21 22:00,15,Clear
Thursday,2022-07-21 23:00,15,Clear
Friday,2022-07-22 0:00,14,Low clouds
Friday,2022-07-22 1:00,9,Low clouds
Friday,2022-07-22 2:00,10,Low clouds
Friday,2022-07-22 3:00,9,Low clouds
Friday,2022-07-22 4:00,9,Low clouds
Friday,2022-07-22 5:00,12,Low clouds
Friday,2022-07-22 6:00,17,Sunny
Friday,2022-07-22 7:00,19,Sunny
Friday,2022-07-22 8:00,19,Sunny
Friday,2022-07-22 9:00,19,Sunny
Friday,2022-07-22 10:00,20,Sunny
Friday,2022-07-22 11:00,20,Sunny
Friday,2022-07-22 12:00,20,Sunny
Friday,2022-07-22 13:00,22,Sunny
Friday,2022-07-22 14:00,21,Sunny
Friday,2022-07-22 15:00,20,Sunny
Friday,2022-07-22 16:00,20,Sunny
Friday,2022-07-22 17:00,20,Sunny
Friday,2022-07-22 18:00,20,Sunny
Friday,2022-07-22 19:00,19,Sunny
Friday,2022-07-22 20:00,12,Low clouds
Friday,2022-07-22 21:00,9,Low clouds
Friday,2022-07-22 22:00,9,Low clouds
Friday,2022-07-22 23:00,9,Low clouds
Saturday,2022-07-23 0:00,9,Low clouds
Saturday,2022-07-23 1:00,9,Low clouds
Saturday,2022-07-23 2:00,9,Low clouds
Saturday,2022-07-23 3:00,9,Low clouds
Saturday,2022-07-23 4:00,9,Low clouds
Saturday,2022-07-23 5:00,10,Windy
Saturday,2022-07-23 6:00,11,Windy
Saturday,2022-07-23 7:00,12,Windy
Saturday,2022-07-23 8:00,13,Windy
Saturday,2022-07-23 9:00,14,Windy
Saturday,2022-07-23 10:00,15,Windy
Saturday,2022-07-23 11:00,15,Windy
Saturday,2022-07-23 12:00,15,Windy
Saturday,2022-07-23 13:00,16,Partly Sunny
Saturday,2022-07-23 14:00,16,Partly Sunny
Saturday,2022-07-23 15:00,16,Partly Sunny
Saturday,2022-07-23 16:00,16,Partly Sunny
Saturday,2022-07-23 17:00,16,Partly Sunny
Saturday,2022-07-23 18:00,14,Cloudy
Saturday,2022-07-23 19:00,14,Cloudy
Saturday,2022-07-23 20:00,14,Cloudy
Saturday,2022-07-23 21:00,14,Cloudy
Saturday,2022-07-23 22:00,14,Cloudy
Saturday,2022-07-23 23:00,15,Cloudy
Sunday,2022-07-24 0:00,14,Low clouds
Sunday,2022-07-24 1:00,9,Low clouds
Sunday,2022-07-24 2:00,10,Low clouds
Sunday,2022-07-24 3:00,9,Low clouds
Sunday,2022-07-24 4:00,9,Low clouds
Sunday,2022-07-24 5:00,12,Low clouds
Sunday,2022-07-24 6:00,17,Sunny
Sunday,2022-07-24 7:00,19,Sunny
Sunday,2022-07-24 8:00,19,Sunny
Sunday,2022-07-24 9:00,19,Sunny
Sunday,2022-07-24 10:00,20,Sunny
Sunday,2022-07-24 11:00,20,Sunny
Sunday,2022-07-24 12:00,20,Sunny
Sunday,2022-07-24 13:00,22,Sunny
Sunday,2022-07-24 14:00,21,Sunny
Sunday,2022-07-24 15:00,20,Sunny
Sunday,2022-07-24 16:00,20,Sunny
Sunday,2022-07-24 17:00,20,Sunny
Sunday,2022-07-24 18:00,20,Sunny
Sunday,2022-07-24 19:00,19,Sunny
Sunday,2022-07-24 20:00,12,Low clouds
Sunday,2022-07-24 21:00,9,Low clouds
Sunday,2022-07-24 22:00,9,Low clouds
Sunday,2022-07-24 23:00,9,Low clouds
Monday,2022-07-25 0:00,10,Clear
Monday,2022-07-25 1:00,10,Clear
Monday,2022-07-25 2:00,10,Clear
Monday,2022-07-25 3:00,10,Clear
Monday,2022-07-25 4:00,10,Clear
Monday,2022-07-25 5:00,10,Clear
Monday,2022-07-25 6:00,11,Sunny
Monday,2022-07-25 7:00,11,Sunny
Monday,2022-07-25 8:00,11,Sunny
Monday,2022-07-25 9:00,12,Sunny
Monday,2022-07-25 10:00,12,Sunny
Monday,2022-07-25 11:00,12,Sunny
Monday,2022-07-25 12:00,14,Sunny
Monday,2022-07-25 13:00,15,Sunny
Monday,2022-07-25 14:00,13,Sunny
Monday,2022-07-25 15:00,11,Sunny
Monday,2022-07-25 16:00,11,Sunny
Monday,2022-07-25 17:00,11,Sunny
Monday,2022-07-25 18:00,10,Low clouds
Monday,2022-07-25 19:00,10,Low clouds
Monday,2022-07-25 20:00,9,Low clouds
Monday,2022-07-25 21:00,8,Low clouds
Monday,2022-07-25 22:00,8,Low clouds
Monday,2022-07-25 23:00,7,Low clouds
Tuesday,2022-07-26 0:00,7,Low clouds
Tuesday,2022-07-26 1:00,7,Low clouds
Tuesday,2022-07-26 2:00,7,Low clouds
Tuesday,2022-07-26 3:00,6,Low clouds
Tuesday,2022-07-26 4:00,6,Low clouds
Tuesday,2022-07-26 5:00,6,Low clouds
Tuesday,2022-07-26 6:00,6,Low clouds
Tuesday,2022-07-26 7:00,5,Low clouds
Tuesday,2022-07-26 8:00,5,Low clouds
Tuesday,2022-07-26 9:00,5,Low clouds
Tuesday,2022-07-26 10:00,5,Low clouds
Tuesday,2022-07-26 11:00,5,Low clouds
Tuesday,2022-07-26 12:00,5,Low clouds
Tuesday,2022-07-26 13:00,7,Windy
Tuesday,2022-07-26 14:00,7,Windy
Tuesday,2022-07-26 15:00,7,Windy
Tuesday,2022-07-26 16:00,8,Windy
Tuesday,2022-07-26 17:00,8,Windy
Tuesday,2022-07-26 18:00,8,Clear
Tuesday,2022-07-26 19:00,8,Clear
Tuesday,2022-07-26 20:00,8,Clear
Tuesday,2022-07-26 21:00,10,Low clouds
Tuesday,2022-07-26 22:00,10,Low clouds
Tuesday,2022-07-26 23:00,10,Low clouds
Wednesday,2022-07-27 0:00,10,Low clouds
Wednesday,2022-07-27 1:00,10,Low clouds
Wednesday,2022-07-27 2:00,10,Low clouds
Wednesday,2022-07-27 3:00,11,Low clouds
Wednesday,2022-07-27 4:00,12,Low clouds
Wednesday,2022-07-27 5:00,13,Low clouds
Wednesday,2022-07-27 6:00,11,Rain and Thunderstorms
Wednesday,2022-07-27 7:00,11,Rain and Thunderstorms
Wednesday,2022-07-27 8:00,11,Rain and Thunderstorms
Wednesday,2022-07-27 9:00,11,Rain and Thunderstorms
Wednesday,2022-07-27 10:00,11,Rain and Thunderstorms
Wednesday,2022-07-27 11:00,11,Rain and Thunderstorms
Wednesday,2022-07-27 12:00,11,Rain and Thunderstorms
Wednesday,2022-07-27 13:00,13,Rain and Thunderstorms
Wednesday,2022-07-27 14:00,13,Rain and Thunderstorms
Wednesday,2022-07-27 15:00,13,Rain and Thunderstorms
Wednesday,2022-07-27 16:00,13,Rain and Thunderstorms
Wednesday,2022-07-27 17:00,13,Rain and Thunderstorms
Wednesday,2022-07-27 18:00,12,Rain and Thunderstorms
Wednesday,2022-07-27 19:00,12,Rain and Thunderstorms
Wednesday,2022-07-27 20:00,10,Rain and Thunderstorms
Wednesday,2022-07-27 21:00,10,Rain and Thunderstorms
Wednesday,2022-07-27 22:00,8,Clear
Wednesday,2022-07-27 23:00,8,Clear
Thursday,2022-07-28 0:00,10,Clear
Thursday,2022-07-28 1:00,10,Clear
Thursday,2022-07-28 2:00,10,Clear
Thursday,2022-07-28 3:00,10,Clear
Thursday,2022-07-28 4:00,10,Clear
Thursday,2022-07-28 5:00,10,Clear
Thursday,2022-07-28 6:00,13,Clear
Thursday,2022-07-28 7:00,13,Clear
Thursday,2022-07-28 8:00,13,Cloudy
Thursday,2022-07-28 9:00,15,Cloudy
Thursday,2022-07-28 10:00,16,Cloudy
Thursday,2022-07-28 11:00,17,Cloudy
Thursday,2022-07-28 12:00,18,Cloudy
Thursday,2022-07-28 13:00,22,Cloudy
Thursday,2022-07-28 14:00,22,Cloudy
Thursday,2022-07-28 15:00,22,Cloudy
Thursday,2022-07-28 16:00,22,Cloudy
Thursday,2022-07-28 17:00,21,Cloudy
Thursday,2022-07-28 18:00,20,Cloudy
Thursday,2022-07-28 19:00,15,Clear
Thursday,2022-07-28 20:00,15,Clear
Thursday,2022-07-28 21:00,15,Clear
Thursday,2022-07-28 22:00,15,Clear
Thursday,2022-07-28 23:00,15,Clear
Friday,2022-07-29 0:00,14,Low clouds
Friday,2022-07-29 1:00,9,Low clouds
Friday,2022-07-29 2:00,10,Low clouds
Friday,2022-07-29 3:00,9,Low clouds
Friday,2022-07-29 4:00,9,Low clouds
Friday,2022-07-29 5:00,12,Low clouds
Friday,2022-07-29 6:00,17,Sunny
Friday,2022-07-29 7:00,19,Sunny
Friday,2022-07-29 8:00,19,Sunny
Friday,2022-07-29 9:00,19,Sunny
Friday,2022-07-29 10:00,20,Sunny
Friday,2022-07-29 11:00,20,Sunny
Friday,2022-07-29 12:00,20,Sunny
Friday,2022-07-29 13:00,22,Sunny
Friday,2022-07-29 14:00,21,Sunny
Friday,2022-07-29 15:00,20,Sunny
Friday,2022-07-29 16:00,20,Sunny
Friday,2022-07-29 17:00,20,Sunny
Friday,2022-07-29 18:00,20,Sunny
Friday,2022-07-29 19:00,19,Sunny
Friday,2022-07-29 20:00,12,Low clouds
Friday,2022-07-29 21:00,9,Low clouds
Friday,2022-07-29 22:00,9,Low clouds
Friday,2022-07-29 23:00,9,Low clouds
Saturday,2022-07-30 0:00,9,Low clouds
Saturday,2022-07-30 1:00,9,Low clouds
Saturday,2022-07-30 2:00,9,Low clouds
Saturday,2022-07-30 3:00,9,Low clouds
Saturday,2022-07-30 4:00,9,Low clouds
Saturday,2022-07-30 5:00,10,Windy
Saturday,2022-07-30 6:00,11,Windy
Saturday,2022-07-30 7:00,12,Windy
Saturday,2022-07-30 8:00,13,Windy
Saturday,2022-07-30 9:00,14,Windy
Saturday,2022-07-30 10:00,15,Windy
Saturday,2022-07-30 11:00,15,Windy
Saturday,2022-07-30 12:00,15,Windy
Saturday,2022-07-30 13:00,16,Partly Sunny
Saturday,2022-07-30 14:00,16,Partly Sunny
Saturday,2022-07-30 15:00,16,Partly Sunny
Saturday,2022-07-30 16:00,16,Partly Sunny
Saturday,2022-07-30 17:00,16,Partly Sunny
Saturday,2022-07-30 18:00,14,Cloudy
Saturday,2022-07-30 19:00,14,Cloudy
Saturday,2022-07-30 20:00,14,Cloudy
Saturday,2022-07-30 21:00,14,Cloudy
Saturday,2022-07-30 22:00,14,Cloudy
Saturday,2022-07-30 23:00,15,Cloudy
Sunday,2022-07-31 0:00,14,Low clouds
Sunday,2022-07-31 1:00,9,Low clouds
Sunday,2022-07-31 2:00,10,Low clouds
Sunday,2022-07-31 3:00,9,Low clouds
Sunday,2022-07-31 4:00,9,Low clouds
Sunday,2022-07-31 5:00,12,Low clouds
Sunday,2022-07-31 6:00,17,Sunny
Sunday,2022-07-31 7:00,19,Sunny
Sunday,2022-07-31 8:00,19,Sunny
Sunday,2022-07-31 9:00,19,Sunny
Sunday,2022-07-31 10:00,20,Sunny
Sunday,2022-07-31 11:00,20,Sunny
Sunday,2022-07-31 12:00,20,Sunny
Sunday,2022-07-31 13:00,22,Sunny
Sunday,2022-07-31 14:00,21,Sunny
Sunday,2022-07-31 15:00,20,Sunny
Sunday,2022-07-31 16:00,20,Sunny
Sunday,2022-07-31 17:00,20,Sunny
Sunday,2022-07-31 18:00,20,Sunny
Sunday,2022-07-31 19:00,19,Sunny
Sunday,2022-07-31 20:00,12,Low clouds
Sunday,2022-07-31 21:00,9,Low clouds
Sunday,2022-07-31 22:00,9,Low clouds
Sunday,2022-07-31 23:00,9,Low clouds
Monday,2022-08-01 0:00,10,Clear
Monday,2022-08-01 1:00,10,Clear
Monday,2022-08-01 2:00,10,Clear
Monday,2022-08-01 3:00,10,Clear
Monday,2022-08-01 4:00,10,Clear
Monday,2022-08-01 5:00,10,Clear
Monday,2022-08-01 6:00,11,Sunny
Monday,2022-08-01 7:00,11,Sunny
Monday,2022-08-01 8:00,11,Sunny
Monday,2022-08-01 9:00,12,Sunny
Monday,2022-08-01 10:00,12,Sunny
Monday,2022-08-01 11:00,12,Sunny
Monday,2022-08-01 12:00,14,Sunny
Monday,2022-08-01 13:00,15,Sunny
Monday,2022-08-01 14:00,13,Sunny
Monday,2022-08-01 15:00,11,Sunny
Monday,2022-08-01 16:00,11,Sunny
Monday,2022-08-01 17:00,11,Sunny
Monday,2022-08-01 18:00,10,Low clouds
Monday,2022-08-01 19:00,10,Low clouds
Monday,2022-08-01 20:00,9,Low clouds
Monday,2022-08-01 21:00,8,Low clouds
Monday,2022-08-01 22:00,8,Low clouds
Monday,2022-08-01 23:00,7,Low clouds
Tuesday,2022-08-02 0:00,7,Low clouds
Tuesday,2022-08-02 1:00,7,Low clouds
Tuesday,2022-08-02 2:00,7,Low clouds
Tuesday,2022-08-02 3:00,6,Low clouds
Tuesday,2022-08-02 4:00,6,Low clouds
Tuesday,2022-08-02 5:00,6,Low clouds
Tuesday,2022-08-02 6:00,6,Low clouds
Tuesday,2022-08-02 7:00,5,Low clouds
Tuesday,2022-08-02 8:00,5,Low clouds
Tuesday,2022-08-02 9:00,5,Low clouds
Tuesday,2022-08-02 10:00,5,Low clouds
Tuesday,2022-08-02 11:00,5,Low clouds
Tuesday,2022-08-02 12:00,5,Low clouds
Tuesday,2022-08-02 13:00,7,Windy
Tuesday,2022-08-02 14:00,7,Windy
Tuesday,2022-08-02 15:00,7,Windy
Tuesday,2022-08-02 16:00,8,Windy
Tuesday,2022-08-02 17:00,8,Windy
Tuesday,2022-08-02 18:00,8,Clear
Tuesday,2022-08-02 19:00,8,Clear
Tuesday,2022-08-02 20:00,8,Clear
Tuesday,2022-08-02 21:00,10,Low clouds
Tuesday,2022-08-02 22:00,10,Low clouds
Tuesday,2022-08-02 23:00,10,Low clouds
Wednesday,2022-08-03 0:00,10,Low clouds
Wednesday,2022-08-03 1:00,10,Low clouds
Wednesday,2022-08-03 2:00,10,Low clouds
Wednesday,2022-08-03 3:00,11,Low clouds
Wednesday,2022-08-03 4:00,12,Low clouds
Wednesday,2022-08-03 5:00,13,Low clouds
Wednesday,2022-08-03 6:00,11,Rain and Thunderstorms
Wednesday,2022-08-03 7:00,11,Rain and Thunderstorms
Wednesday,2022-08-03 8:00,11,Rain and Thunderstorms
Wednesday,2022-08-03 9:00,11,Rain and Thunderstorms
Wednesday,2022-08-03 10:00,11,Rain and Thunderstorms
Wednesday,2022-08-03 11:00,11,Rain and Thunderstorms
Wednesday,2022-08-03 12:00,11,Rain and Thunderstorms
Wednesday,2022-08-03 13:00,13,Rain and Thunderstorms
Wednesday,2022-08-03 14:00,13,Rain and Thunderstorms
Wednesday,2022-08-03 15:00,13,Rain and Thunderstorms
Wednesday,2022-08-03 16:00,13,Rain and Thunderstorms
Wednesday,2022-08-03 17:00,13,Rain and Thunderstorms
Wednesday,2022-08-03 18:00,12,Rain and Thunderstorms
Wednesday,2022-08-03 19:00,12,Rain and Thunderstorms
Wednesday,2022-08-03 20:00,10,Rain and Thunderstorms
Wednesday,2022-08-03 21:00,10,Rain and Thunderstorms
Wednesday,2022-08-03 22:00,8,Clear
Wednesday,2022-08-03 23:00,8,Clear
Thursday,2022-08-04 0:00,10,Clear
Thursday,2022-08-04 1:00,10,Clear
Thursday,2022-08-04 2:00,10,Clear
Thursday,2022-08-04 3:00,10,Clear
Thursday,2022-08-04 4:00,10,Clear
Thursday,2022-08-04 5:00,10,Clear
Thursday,2022-08-04 6:00,13,Clear
Thursday,2022-08-04 7:00,13,Clear
Thursday,2022-08-04 8:00,13,Cloudy
Thursday,2022-08-04 9:00,15,Cloudy
Thursday,2022-08-04 10:00,16,Cloudy
Thursday,2022-08-04 11:00,17,Cloudy
Thursday,2022-08-04 12:00,18,Cloudy
Thursday,2022-08-04 13:00,22,Cloudy
Thursday,2022-08-04 14:00,22,Cloudy
Thursday,2022-08-04 15:00,22,Cloudy
Thursday,2022-08-04 16:00,22,Cloudy
Thursday,2022-08-04 17:00,21,Cloudy
Thursday,2022-08-04 18:00,20,Cloudy
Thursday,2022-08-04 19:00,15,Clear
Thursday,2022-08-04 20:00,15,Clear
Thursday,2022-08-04 21:00,15,Clear
Thursday,2022-08-04 22:00,15,Clear
Thursday,2022-08-04 23:00,15,Clear
Friday,2022-08-05 0:00,14,Low clouds
Friday,2022-08-05 1:00,9,Low clouds
Friday,2022-08-05 2:00,10,Low clouds
Friday,2022-08-05 3:00,9,Low clouds
Friday,2022-08-05 4:00,9,Low clouds
Friday,2022-08-05 5:00,12,Low clouds
Friday,2022-08-05 6:00,17,Sunny
Friday,2022-08-05 7:00,19,Sunny
Friday,2022-08-05 8:00,19,Sunny
Friday,2022-08-05 9:00,19,Sunny
Friday,2022-08-05 10:00,20,Sunny
Friday,2022-08-05 11:00,20,Sunny
Friday,2022-08-05 12:00,20,Sunny
Friday,2022-08-05 13:00,22,Sunny
Friday,2022-08-05 14:00,21,Sunny
Friday,2022-08-05 15:00,20,Sunny
Friday,2022-08-05 16:00,20,Sunny
Friday,2022-08-05 17:00,20,Sunny
Friday,2022-08-05 18:00,20,Sunny
Friday,2022-08-05 19:00,19,Sunny
Friday,2022-08-05 20:00,12,Low clouds
Friday,2022-08-05 21:00,9,Low clouds
Friday,2022-08-05 22:00,9,Low clouds
Friday,2022-08-05 23:00,9,Low clouds
Saturday,2022-08-06 0:00,9,Low clouds
Saturday,2022-08-06 1:00,9,Low clouds
Saturday,2022-08-06 2:00,9,Low clouds
Saturday,2022-08-06 3:00,9,Low clouds
Saturday,2022-08-06 4:00,9,Low clouds
Saturday,2022-08-06 5:00,10,Windy
Saturday,2022-08-06 6:00,11,Windy
Saturday,2022-08-06 7:00,12,Windy
Saturday,2022-08-06 8:00,13,Windy
Saturday,2022-08-06 9:00,14,Windy
Saturday,2022-08-06 10:00,15,Windy
Saturday,2022-08-06 11:00,15,Windy
Saturday,2022-08-06 12:00,15,Windy
Saturday,2022-08-06 13:00,16,Partly Sunny
Saturday,2022-08-06 14:00,16,Partly Sunny
Saturday,2022-08-06 15:00,16,Partly Sunny
Saturday,2022-08-06 16:00,16,Partly Sunny
Saturday,2022-08-06 17:00,16,Partly Sunny
Saturday,2022-08-06 18:00,14,Cloudy
Saturday,2022-08-06 19:00,14,Cloudy
Saturday,2022-08-06 20:00,14,Cloudy
Saturday,2022-08-06 21:00,14,Cloudy
Saturday,2022-08-06 22:00,14,Cloudy
Saturday,2022-08-06 23:00,15,Cloudy
Sunday,2022-08-07 0:00,14,Low clouds
Sunday,2022-08-07 1:00,9,Low clouds
Sunday,2022-08-07 2:00,10,Low clouds
Sunday,2022-08-07 3:00,9,Low clouds
Sunday,2022-08-07 4:00,9,Low clouds
Sunday,2022-08-07 5:00,12,Low clouds
Sunday,2022-08-07 6:00,17,Sunny
Sunday,2022-08-07 7:00,19,Sunny
Sunday,2022-08-07 8:00,19,Sunny
Sunday,2022-08-07 9:00,19,Sunny
Sunday,2022-08-07 10:00,20,Sunny
Sunday,2022-08-07 11:00,20,Sunny
Sunday,2022-08-07 12:00,20,Sunny
Sunday,2022-08-07 13:00,22,Sunny
Sunday,2022-08-07 14:00,21,Sunny
Sunday,2022-08-07 15:00,20,Sunny
Sunday,2022-08-07 16:00,20,Sunny
Sunday,2022-08-07 17:00,20,Sunny
Sunday,2022-08-07 18:00,20,Sunny
Sunday,2022-08-07 19:00,19,Sunny
Sunday,2022-08-07 20:00,12,Low clouds
Sunday,2022-08-07 21:00,9,Low clouds
Sunday,2022-08-07 22:00,9,Low clouds
Sunday,2022-08-07 23:00,9,Low clouds
Monday,2022-08-08 0:00,10,Clear
Monday,2022-08-08 1:00,10,Clear
Monday,2022-08-08 2:00,10,Clear
Monday,2022-08-08 3:00,10,Clear
Monday,2022-08-08 4:00,10,Clear
Monday,2022-08-08 5:00,10,Clear
Monday,2022-08-08 6:00,11,Sunny
Monday,2022-08-08 7:00,11,Sunny
Monday,2022-08-08 8:00,11,Sunny
Monday,2022-08-08 9:00,12,Sunny
Monday,2022-08-08 10:00,12,Sunny
Monday,2022-08-08 11:00,12,Sunny
Monday,2022-08-08 12:00,14,Sunny
Monday,2022-08-08 13:00,15,Sunny
Monday,2022-08-08 14:00,13,Sunny
Monday,2022-08-08 15:00,11,Sunny
Monday,2022-08-08 16:00,11,Sunny
Monday,2022-08-08 17:00,11,Sunny
Monday,2022-08-08 18:00,10,Low clouds
Monday,2022-08-08 19:00,10,Low clouds
Monday,2022-08-08 20:00,9,Low clouds
Monday,2022-08-08 21:00,8,Low clouds
Monday,2022-08-08 22:00,8,Low clouds
Monday,2022-08-08 23:00,7,Low clouds
Tuesday,2022-08-09 0:00,7,Low clouds
Tuesday,2022-08-09 1:00,7,Low clouds
Tuesday,2022-08-09 2:00,7,Low clouds
Tuesday,2022-08-09 3:00,6,Low clouds
Tuesday,2022-08-09 4:00,6,Low clouds
Tuesday,2022-08-09 5:00,6,Low clouds
Tuesday,2022-08-09 6:00,6,Low clouds
Tuesday,2022-08-09 7:00,5,Low clouds
Tuesday,2022-08-09 8:00,5,Low clouds
Tuesday,2022-08-09 9:00,5,Low clouds
Tuesday,2022-08-09 10:00,5,Low clouds
Tuesday,2022-08-09 11:00,5,Low clouds
Tuesday,2022-08-09 12:00,5,Low clouds
Tuesday,2022-08-09 13:00,7,Windy
Tuesday,2022-08-09 14:00,7,Windy
Tuesday,2022-08-09 15:00,7,Windy
Tuesday,2022-08-09 16:00,8,Windy
Tuesday,2022-08-09 17:00,8,Windy
Tuesday,2022-08-09 18:00,8,Clear
Tuesday,2022-08-09 19:00,8,Clear
Tuesday,2022-08-09 20:00,8,Clear
Tuesday,2022-08-09 21:00,10,Low clouds
Tuesday,2022-08-09 22:00,10,Low clouds
Tuesday,2022-08-09 23:00,10,Low clouds
Wednesday,2022-08-10 0:00,10,Low clouds
Wednesday,2022-08-10 1:00,10,Low clouds
Wednesday,2022-08-10 2:00,10,Low clouds
Wednesday,2022-08-10 3:00,11,Low clouds
Wednesday,2022-08-10 4:00,12,Low clouds
Wednesday,2022-08-10 5:00,13,Low clouds
Wednesday,2022-08-10 6:00,11,Rain and Thunderstorms
Wednesday,2022-08-10 7:00,11,Rain and Thunderstorms
Wednesday,2022-08-10 8:00,11,Rain and Thunderstorms
Wednesday,2022-08-10 9:00,11,Rain and Thunderstorms
Wednesday,2022-08-10 10:00,11,Rain and Thunderstorms
Wednesday,2022-08-10 11:00,11,Rain and Thunderstorms
Wednesday,2022-08-10 12:00,11,Rain and Thunderstorms
Wednesday,2022-08-10 13:00,13,Rain and Thunderstorms
Wednesday,2022-08-10 14:00,13,Rain and Thunderstorms
Wednesday,2022-08-10 15:00,13,Rain and Thunderstorms
Wednesday,2022-08-10 16:00,13,Rain and Thunderstorms
Wednesday,2022-08-10 17:00,13,Rain and Thunderstorms
Wednesday,2022-08-10 18:00,12,Rain and Thunderstorms
Wednesday,2022-08-10 19:00,12,Rain and Thunderstorms
Wednesday,2022-08-10 20:00,10,Rain and Thunderstorms
Wednesday,2022-08-10 21:00,10,Rain and Thunderstorms
Wednesday,2022-08-10 22:00,8,Clear
Wednesday,2022-08-10 23:00,8,Clear
Thursday,2022-08-11 0:00,10,Clear
Thursday,2022-08-11 1:00,10,Clear
Thursday,2022-08-11 2:00,10,Clear
Thursday,2022-08-11 3:00,10,Clear
Thursday,2022-08-11 4:00,10,Clear
Thursday,2022-08-11 5:00,10,Clear
Thursday,2022-08-11 6:00,13,Clear
Thursday,2022-08-11 7:00,13,Clear
Thursday,2022-08-11 8:00,13,Cloudy
Thursday,2022-08-11 9:00,15,Cloudy
Thursday,2022-08-11 10:00,16,Cloudy
Thursday,2022-08-11 11:00,17,Cloudy
Thursday,2022-08-11 12:00,18,Cloudy
Thursday,2022-08-11 13:00,22,Cloudy
Thursday,2022-08-11 14:00,22,Cloudy
Thursday,2022-08-11 15:00,22,Cloudy
Thursday,2022-08-11 16:00,22,Cloudy
Thursday,2022-08-11 17:00,21,Cloudy
Thursday,2022-08-11 18:00,20,Cloudy
Thursday,2022-08-11 19:00,15,Clear
Thursday,2022-08-11 20:00,15,Clear
Thursday,2022-08-11 21:00,15,Clear
Thursday,2022-08-11 22:00,15,Clear
Thursday,2022-08-11 23:00,15,Clear
Friday,2022-08-12 0:00,14,Low clouds
Friday,2022-08-12 1:00,9,Low clouds
Friday,2022-08-12 2:00,10,Low clouds
Friday,2022-08-12 3:00,9,Low clouds
Friday,2022-08-12 4:00,9,Low clouds
Friday,2022-08-12 5:00,12,Low clouds
Friday,2022-08-12 6:00,17,Sunny
Friday,2022-08-12 7:00,19,Sunny
Friday,2022-08-12 8:00,19,Sunny
Friday,2022-08-12 9:00,19,Sunny
Friday,2022-08-12 10:00,20,Sunny
Friday,2022-08-12 11:00,20,Sunny
Friday,2022-08-12 12:00,20,Sunny
Friday,2022-08-12 13:00,22,Sunny
Friday,2022-08-12 14:00,21,Sunny
Friday,2022-08-12 15:00,20,Sunny
Friday,2022-08-12 16:00,20,Sunny
Friday,2022-08-12 17:00,20,Sunny
Friday,2022-08-12 18:00,20,Sunny
Friday,2022-08-12 19:00,19,Sunny
Friday,2022-08-12 20:00,12,Low clouds
Friday,2022-08-12 21:00,9,Low clouds
Friday,2022-08-12 22:00,9,Low clouds
Friday,2022-08-12 23:00,9,Low clouds
Saturday,2022-08-13 0:00,9,Low clouds
Saturday,2022-08-13 1:00,9,Low clouds
Saturday,2022-08-13 2:00,9,Low clouds
Saturday,2022-08-13 3:00,9,Low clouds
Saturday,2022-08-13 4:00,9,Low clouds
Saturday,2022-08-13 5:00,10,Windy
Saturday,2022-08-13 6:00,11,Windy
Saturday,2022-08-13 7:00,12,Windy
Saturday,2022-08-13 8:00,13,Windy
Saturday,2022-08-13 9:00,14,Windy
Saturday,2022-08-13 10:00,15,Windy
Saturday,2022-08-13 11:00,15,Windy
Saturday,2022-08-13 12:00,15,Windy
Saturday,2022-08-13 13:00,16,Partly Sunny
Saturday,2022-08-13 14:00,16,Partly Sunny
Saturday,2022-08-13 15:00,16,Partly Sunny
Saturday,2022-08-13 16:00,16,Partly Sunny
Saturday,2022-08-13 17:00,16,Partly Sunny
Saturday,2022-08-13 18:00,14,Cloudy
Saturday,2022-08-13 19:00,14,Cloudy
Saturday,2022-08-13 20:00,14,Cloudy
Saturday,2022-08-13 21:00,14,Cloudy
Saturday,2022-08-13 22:00,14,Cloudy
Saturday,2022-08-13 23:00,15,Cloudy
Sunday,2022-08-14 0:00,14,Low clouds
Sunday,2022-08-14 1:00,9,Low clouds
Sunday,2022-08-14 2:00,10,Low clouds
Sunday,2022-08-14 3:00,9,Low clouds
Sunday,2022-08-14 4:00,9,Low clouds
Sunday,2022-08-14 5:00,12,Low clouds
Sunday,2022-08-14 6:00,17,Sunny
Sunday,2022-08-14 7:00,19,Sunny
Sunday,2022-08-14 8:00,19,Sunny
Sunday,2022-08-14 9:00,19,Sunny
Sunday,2022-08-14 10:00,20,Sunny
Sunday,2022-08-14 11:00,20,Sunny
Sunday,2022-08-14 12:00,20,Sunny
Sunday,2022-08-14 13:00,22,Sunny
Sunday,2022-08-14 14:00,21,Sunny
Sunday,2022-08-14 15:00,20,Sunny
Sunday,2022-08-14 16:00,20,Sunny
Sunday,2022-08-14 17:00,20,Sunny
Sunday,2022-08-14 18:00,20,Sunny
Sunday,2022-08-14 19:00,19,Sunny
Sunday,2022-08-14 20:00,12,Low clouds
Sunday,2022-08-14 21:00,9,Low clouds
Sunday,2022-08-14 22:00,9,Low clouds
Sunday,2022-08-14 23:00,9,Low clouds
Monday,2022-08-15 0:00,10,Clear
Monday,2022-08-15 1:00,10,Clear
Monday,2022-08-15 2:00,10,Clear
Monday,2022-08-15 3:00,10,Clear
Monday,2022-08-15 4:00,10,Clear
Monday,2022-08-15 5:00,10,Clear
Monday,2022-08-15 6:00,11,Sunny
Monday,2022-08-15 7:00,11,Sunny
Monday,2022-08-15 8:00,11,Sunny
Monday,2022-08-15 9:00,12,Sunny
Monday,2022-08-15 10:00,12,Sunny
Monday,2022-08-15 11:00,12,Sunny
Monday,2022-08-15 12:00,14,Sunny
Monday,2022-08-15 13:00,15,Sunny
Monday,2022-08-15 14:00,13,Sunny
Monday,2022-08-15 15:00,11,Sunny
Monday,2022-08-15 16:00,11,Sunny
Monday,2022-08-15 17:00,11,Sunny
Monday,2022-08-15 18:00,10,Low clouds
Monday,2022-08-15 19:00,10,Low clouds
Monday,2022-08-15 20:00,9,Low clouds
Monday,2022-08-15 21:00,8,Low clouds
Monday,2022-08-15 22:00,8,Low clouds
Monday,2022-08-15 23:00,7,Low clouds
Tuesday,2022-08-16 0:00,7,Low clouds
Tuesday,2022-08-16 1:00,7,Low clouds
Tuesday,2022-08-16 2:00,7,Low clouds
Tuesday,2022-08-16 3:00,6,Low clouds
Tuesday,2022-08-16 4:00,6,Low clouds
Tuesday,2022-08-16 5:00,6,Low clouds
Tuesday,2022-08-16 6:00,6,Low clouds
Tuesday,2022-08-16 7:00,5,Low clouds
Tuesday,2022-08-16 8:00,5,Low clouds
Tuesday,2022-08-16 9:00,5,Low clouds
Tuesday,2022-08-16 10:00,5,Low clouds
Tuesday,2022-08-16 11:00,5,Low clouds
Tuesday,2022-08-16 12:00,5,Low clouds
Tuesday,2022-08-16 13:00,7,Windy
Tuesday,2022-08-16 14:00,7,Windy
Tuesday,2022-08-16 15:00,7,Windy
Tuesday,2022-08-16 16:00,8,Windy
Tuesday,2022-08-16 17:00,8,Windy
Tuesday,2022-08-16 18:00,8,Clear
Tuesday,2022-08-16 19:00,8,Clear
Tuesday,2022-08-16 20:00,8,Clear
Tuesday,2022-08-16 21:00,10,Low clouds
Tuesday,2022-08-16 22:00,10,Low clouds
Tuesday,2022-08-16 23:00,10,Low clouds
Wednesday,2022-08-17 0:00,10,Low clouds
Wednesday,2022-08-17 1:00,10,Low clouds
Wednesday,2022-08-17 2:00,10,Low clouds
Wednesday,2022-08-17 3:00,11,Low clouds
Wednesday,2022-08-17 4:00,12,Low clouds
Wednesday,2022-08-17 5:00,13,Low clouds
Wednesday,2022-08-17 6:00,11,Rain and Thunderstorms
Wednesday,2022-08-17 7:00,11,Rain and Thunderstorms
Wednesday,2022-08-17 8:00,11,Rain and Thunderstorms
Wednesday,2022-08-17 9:00,11,Rain and Thunderstorms
Wednesday,2022-08-17 10:00,11,Rain and Thunderstorms
Wednesday,2022-08-17 11:00,11,Rain and Thunderstorms
Wednesday,2022-08-17 12:00,11,Rain and Thunderstorms
Wednesday,2022-08-17 13:00,13,Rain and Thunderstorms
Wednesday,2022-08-17 14:00,13,Rain and Thunderstorms
Wednesday,2022-08-17 15:00,13,Rain and Thunderstorms
Wednesday,2022-08-17 16:00,13,Rain and Thunderstorms
Wednesday,2022-08-17 17:00,13,Rain and Thunderstorms
Wednesday,2022-08-17 18:00,12,Rain and Thunderstorms
Wednesday,2022-08-17 19:00,12,Rain and Thunderstorms
Wednesday,2022-08-17 20:00,10,Rain and Thunderstorms
Wednesday,2022-08-17 21:00,10,Rain and Thunderstorms
Wednesday,2022-08-17 22:00,8,Clear
Wednesday,2022-08-17 23:00,8,Clear
Thursday,2022-08-18 0:00,10,Clear
Thursday,2022-08-18 1:00,10,Clear
Thursday,2022-08-18 2:00,10,Clear
Thursday,2022-08-18 3:00,10,Clear
Thursday,2022-08-18 4:00,10,Clear
Thursday,2022-08-18 5:00,10,Clear
Thursday,2022-08-18 6:00,13,Clear
Thursday,2022-08-18 7:00,13,Clear
Thursday,2022-08-18 8:00,13,Cloudy
Thursday,2022-08-18 9:00,15,Cloudy
Thursday,2022-08-18 10:00,16,Cloudy
Thursday,2022-08-18 11:00,17,Cloudy
Thursday,2022-08-18 12:00,18,Cloudy
Thursday,2022-08-18 13:00,22,Cloudy
Thursday,2022-08-18 14:00,22,Cloudy
Thursday,2022-08-18 15:00,22,Cloudy
Thursday,2022-08-18 16:00,22,Cloudy
Thursday,2022-08-18 17:00,21,Cloudy
Thursday,2022-08-18 18:00,20,Cloudy
Thursday,2022-08-18 19:00,15,Clear
Thursday,2022-08-18 20:00,15,Clear
Thursday,2022-08-18 21:00,15,Clear
Thursday,2022-08-18 22:00,15,Clear
Thursday,2022-08-18 23:00,15,Clear
Friday,2022-08-19 0:00,14,Low clouds
Friday,2022-08-19 1:00,9,Low clouds
Friday,2022-08-19 2:00,10,Low clouds
Friday,2022-08-19 3:00,9,Low clouds
Friday,2022-08-19 4:00,9,Low clouds
Friday,2022-08-19 5:00,12,Low clouds
Friday,2022-08-19 6:00,17,Sunny
Friday,2022-08-19 7:00,19,Sunny
Friday,2022-08-19 8:00,19,Sunny
Friday,2022-08-19 9:00,19,Sunny
Friday,2022-08-19 10:00,20,Sunny
Friday,2022-08-19 11:00,20,Sunny
Friday,2022-08-19 12:00,20,Sunny
Friday,2022-08-19 13:00,22,Sunny
Friday,2022-08-19 14:00,21,Sunny
Friday,2022-08-19 15:00,20,Sunny
Friday,2022-08-19 16:00,20,Sunny
Friday,2022-08-19 17:00,20,Sunny
Friday,2022-08-19 18:00,20,Sunny
Friday,2022-08-19 19:00,19,Sunny
Friday,2022-08-19 20:00,12,Low clouds
Friday,2022-08-19 21:00,9,Low clouds
Friday,2022-08-19 22:00,9,Low clouds
Friday,2022-08-19 23:00,9,Low clouds
Saturday,2022-08-20 0:00,9,Low clouds
Saturday,2022-08-20 1:00,9,Low clouds
Saturday,2022-08-20 2:00,9,Low clouds
Saturday,2022-08-20 3:00,9,Low clouds
Saturday,2022-08-20 4:00,9,Low clouds
Saturday,2022-08-20 5:00,10,Windy
Saturday,2022-08-20 6:00,11,Windy
Saturday,2022-08-20 7:00,12,Windy
Saturday,2022-08-20 8:00,13,Windy
Saturday,2022-08-20 9:00,14,Windy
Saturday,2022-08-20 10:00,15,Windy
Saturday,2022-08-20 11:00,15,Windy
Saturday,2022-08-20 12:00,15,Windy
Saturday,2022-08-20 13:00,16,Partly Sunny
Saturday,2022-08-20 14:00,16,Partly Sunny
Saturday,2022-08-20 15:00,16,Partly Sunny
Saturday,2022-08-20 16:00,16,Partly Sunny
Saturday,2022-08-20 17:00,16,Partly Sunny
Saturday,2022-08-20 18:00,14,Cloudy
Saturday,2022-08-20 19:00,14,Cloudy
Saturday,2022-08-20 20:00,14,Cloudy
Saturday,2022-08-20 21:00,14,Cloudy
Saturday,2022-08-20 22:00,14,Cloudy
Saturday,2022-08-20 23:00,15,Cloudy
Sunday,2022-08-21 0:00,14,Low clouds
Sunday,2022-08-21 1:00,9,Low clouds
Sunday,2022-08-21 2:00,10,Low clouds
Sunday,2022-08-21 3:00,9,Low clouds
Sunday,2022-08-21 4:00,9,Low clouds
Sunday,2022-08-21 5:00,12,Low clouds
Sunday,2022-08-21 6:00,17,Sunny
Sunday,2022-08-21 7:00,19,Sunny
Sunday,2022-08-21 8:00,19,Sunny
Sunday,2022-08-21 9:00,19,Sunny
Sunday,2022-08-21 10:00,20,Sunny
Sunday,2022-08-21 11:00,20,Sunny
Sunday,2022-08-21 12:00,20,Sunny
Sunday,2022-08-21 13:00,22,Sunny
Sunday,2022-08-21 14:00,21,Sunny
Sunday,2022-08-21 15:00,20,Sunny
Sunday,2022-08-21 16:00,20,Sunny
Sunday,2022-08-21 17:00,20,Sunny
Sunday,2022-08-21 18:00,20,Sunny
Sunday,2022-08-21 19:00,19,Sunny
Sunday,2022-08-21 20:00,12,Low clouds
Sunday,2022-08-21 21:00,9,Low clouds
Sunday,2022-08-21 22:00,9,Low clouds
Sunday,2022-08-21 23:00,9,Low clouds
Monday,2022-08-22 0:00,10,Clear
Monday,2022-08-22 1:00,10,Clear
Monday,2022-08-22 2:00,10,Clear
Monday,2022-08-22 3:00,10,Clear
Monday,2022-08-22 4:00,10,Clear
Monday,2022-08-22 5:00,10,Clear
Monday,2022-08-22 6:00,11,Sunny
Monday,2022-08-22 7:00,11,Sunny
Monday,2022-08-22 8:00,11,Sunny
Monday,2022-08-22 9:00,12,Sunny
Monday,2022-08-22 10:00,12,Sunny
Monday,2022-08-22 11:00,12,Sunny
Monday,2022-08-22 12:00,14,Sunny
Monday,2022-08-22 13:00,15,Sunny
Monday,2022-08-22 14:00,13,Sunny
Monday,2022-08-22 15:00,11,Sunny
Monday,2022-08-22 16:00,11,Sunny
Monday,2022-08-22 17:00,11,Sunny
Monday,2022-08-22 18:00,10,Low clouds
Monday,2022-08-22 19:00,10,Low clouds
Monday,2022-08-22 20:00,9,Low clouds
Monday,2022-08-22 21:00,8,Low clouds
Monday,2022-08-22 22:00,8,Low clouds
Monday,2022-08-22 23:00,7,Low clouds
Tuesday,2022-08-23 0:00,7,Low clouds
Tuesday,2022-08-23 1:00,7,Low clouds
Tuesday,2022-08-23 2:00,7,Low clouds
Tuesday,2022-08-23 3:00,6,Low clouds
Tuesday,2022-08-23 4:00,6,Low clouds
Tuesday,2022-08-23 5:00,6,Low clouds
Tuesday,2022-08-23 6:00,6,Low clouds
Tuesday,2022-08-23 7:00,5,Low clouds
Tuesday,2022-08-23 8:00,5,Low clouds
Tuesday,2022-08-23 9:00,5,Low clouds
Tuesday,2022-08-23 10:00,5,Low clouds
Tuesday,2022-08-23 11:00,5,Low clouds
Tuesday,2022-08-23 12:00,5,Low clouds
Tuesday,2022-08-23 13:00,7,Windy
Tuesday,2022-08-23 14:00,7,Windy
Tuesday,2022-08-23 15:00,7,Windy
Tuesday,2022-08-23 16:00,8,Windy
Tuesday,2022-08-23 17:00,8,Windy
Tuesday,2022-08-23 18:00,8,Clear
Tuesday,2022-08-23 19:00,8,Clear
Tuesday,2022-08-23 20:00,8,Clear
Tuesday,2022-08-23 21:00,10,Low clouds
Tuesday,2022-08-23 22:00,10,Low clouds
Tuesday,2022-08-23 23:00,10,Low clouds
Wednesday,2022-08-24 0:00,10,Low clouds
Wednesday,2022-08-24 1:00,10,Low clouds
Wednesday,2022-08-24 2:00,10,Low clouds
Wednesday,2022-08-24 3:00,11,Low clouds
Wednesday,2022-08-24 4:00,12,Low clouds
Wednesday,2022-08-24 5:00,13,Low clouds
Wednesday,2022-08-24 6:00,11,Rain and Thunderstorms
Wednesday,2022-08-24 7:00,11,Rain and Thunderstorms
Wednesday,2022-08-24 8:00,11,Rain and Thunderstorms
Wednesday,2022-08-24 9:00,11,Rain and Thunderstorms
Wednesday,2022-08-24 10:00,11,Rain and Thunderstorms
Wednesday,2022-08-24 11:00,11,Rain and Thunderstorms
Wednesday,2022-08-24 12:00,11,Rain and Thunderstorms
Wednesday,2022-08-24 13:00,13,Rain and Thunderstorms
Wednesday,2022-08-24 14:00,13,Rain and Thunderstorms
Wednesday,2022-08-24 15:00,13,Rain and Thunderstorms
Wednesday,2022-08-24 16:00,13,Rain and Thunderstorms
Wednesday,2022-08-24 17:00,13,Rain and Thunderstorms
Wednesday,2022-08-24 18:00,12,Rain and Thunderstorms
Wednesday,2022-08-24 19:00,12,Rain and Thunderstorms
Wednesday,2022-08-24 20:00,10,Rain and Thunderstorms
Wednesday,2022-08-24 21:00,10,Rain and Thunderstorms
Wednesday,2022-08-24 22:00,8,Clear
Wednesday,2022-08-24 23:00,8,Clear
Thursday,2022-08-25 0:00,10,Clear
Thursday,2022-08-25 1:00,10,Clear
Thursday,2022-08-25 2:00,10,Clear
Thursday,2022-08-25 3:00,10,Clear
Thursday,2022-08-25 4:00,10,Clear
Thursday,2022-08-25 5:00,10,Clear
Thursday,2022-08-25 6:00,13,Clear
Thursday,2022-08-25 7:00,13,Clear
Thursday,2022-08-25 8:00,13,Cloudy
Thursday,2022-08-25 9:00,15,Cloudy
Thursday,2022-08-25 10:00,16,Cloudy
Thursday,2022-08-25 11:00,17,Cloudy
Thursday,2022-08-25 12:00,18,Cloudy
Thursday,2022-08-25 13:00,22,Cloudy
Thursday,2022-08-25 14:00,22,Cloudy
Thursday,2022-08-25 15:00,22,Cloudy
Thursday,2022-08-25 16:00,22,Cloudy
Thursday,2022-08-25 17:00,21,Cloudy
Thursday,2022-08-25 18:00,20,Cloudy
Thursday,2022-08-25 19:00,15,Clear
Thursday,2022-08-25 20:00,15,Clear
Thursday,2022-08-25 21:00,15,Clear
Thursday,2022-08-25 22:00,15,Clear
Thursday,2022-08-25 23:00,15,Clear
Friday,2022-08-26 0:00,14,Low clouds
Friday,2022-08-26 1:00,9,Low clouds
Friday,2022-08-26 2:00,10,Low clouds
Friday,2022-08-26 3:00,9,Low clouds
Friday,2022-08-26 4:00,9,Low clouds
Friday,2022-08-26 5:00,12,Low clouds
Friday,2022-08-26 6:00,17,Sunny
Friday,2022-08-26 7:00,19,Sunny
Friday,2022-08-26 8:00,19,Sunny
Friday,2022-08-26 9:00,19,Sunny
Friday,2022-08-26 10:00,20,Sunny
Friday,2022-08-26 11:00,20,Sunny
Friday,2022-08-26 12:00,20,Sunny
Friday,2022-08-26 13:00,22,Sunny
Friday,2022-08-26 14:00,21,Sunny
Friday,2022-08-26 15:00,20,Sunny
Friday,2022-08-26 16:00,20,Sunny
Friday,2022-08-26 17:00,20,Sunny
Friday,2022-08-26 18:00,20,Sunny
Friday,2022-08-26 19:00,19,Sunny
Friday,2022-08-26 20:00,12,Low clouds
Friday,2022-08-26 21:00,9,Low clouds
Friday,2022-08-26 22:00,9,Low clouds
Friday,2022-08-26 23:00,9,Low clouds
Saturday,2022-08-27 0:00,9,Low clouds
Saturday,2022-08-27 1:00,9,Low clouds
Saturday,2022-08-27 2:00,9,Low clouds
Saturday,2022-08-27 3:00,9,Low clouds
Saturday,2022-08-27 4:00,9,Low clouds
Saturday,2022-08-27 5:00,10,Windy
Saturday,2022-08-27 6:00,11,Windy
Saturday,2022-08-27 7:00,12,Windy
Saturday,2022-08-27 8:00,13,Windy
Saturday,2022-08-27 9:00,14,Windy
Saturday,2022-08-27 10:00,15,Windy
Saturday,2022-08-27 11:00,15,Windy
Saturday,2022-08-27 12:00,15,Windy
Saturday,2022-08-27 13:00,16,Partly Sunny
Saturday,2022-08-27 14:00,16,Partly Sunny
Saturday,2022-08-27 15:00,16,Partly Sunny
Saturday,2022-08-27 16:00,16,Partly Sunny
Saturday,2022-08-27 17:00,16,Partly Sunny
Saturday,2022-08-27 18:00,14,Cloudy
Saturday,2022-08-27 19:00,14,Cloudy
Saturday,2022-08-27 20:00,14,Cloudy
Saturday,2022-08-27 21:00,14,Cloudy
Saturday,2022-08-27 22:00,14,Cloudy
Saturday,2022-08-27 23:00,15,Cloudy
Sunday,2022-08-28 0:00,14,Low clouds
Sunday,2022-08-28 1:00,9,Low clouds
Sunday,2022-08-28 2:00,10,Low clouds
Sunday,2022-08-28 3:00,9,Low clouds
Sunday,2022-08-28 4:00,9,Low clouds
Sunday,2022-08-28 5:00,12,Low clouds
Sunday,2022-08-28 6:00,17,Sunny
Sunday,2022-08-28 7:00,19,Sunny
Sunday,2022-08-28 8:00,19,Sunny
Sunday,2022-08-28 9:00,19,Sunny
Sunday,2022-08-28 10:00,20,Sunny
Sunday,2022-08-28 11:00,20,Sunny
Sunday,2022-08-28 12:00,20,Sunny
Sunday,2022-08-28 13:00,22,Sunny
Sunday,2022-08-28 14:00,21,Sunny
Sunday,2022-08-28 15:00,20,Sunny
Sunday,2022-08-28 16:00,20,Sunny
Sunday,2022-08-28 17:00,20,Sunny
Sunday,2022-08-28 18:00,20,Sunny
Sunday,2022-08-28 19:00,19,Sunny
Sunday,2022-08-28 20:00,12,Low clouds
Sunday,2022-08-28 21:00,9,Low clouds
Sunday,2022-08-28 22:00,9,Low clouds
Sunday,2022-08-28 23:00,9,Low clouds
Monday,2022-08-29 0:00,10,Clear
Monday,2022-08-29 1:00,10,Clear
Monday,2022-08-29 2:00,10,Clear
Monday,2022-08-29 3:00,10,Clear
Monday,2022-08-29 4:00,10,Clear
Monday,2022-08-29 5:00,10,Clear
Monday,2022-08-29 6:00,11,Sunny
Monday,2022-08-29 7:00,11,Sunny
Monday,2022-08-29 8:00,11,Sunny
Monday,2022-08-29 9:00,12,Sunny
Monday,2022-08-29 10:00,12,Sunny
Monday,2022-08-29 11:00,12,Sunny
Monday,2022-08-29 12:00,14,Sunny
Monday,2022-08-29 13:00,15,Sunny
Monday,2022-08-29 14:00,13,Sunny
Monday,2022-08-29 15:00,11,Sunny
Monday,2022-08-29 16:00,11,Sunny
Monday,2022-08-29 17:00,11,Sunny
Monday,2022-08-29 18:00,10,Low clouds
Monday,2022-08-29 19:00,10,Low clouds
Monday,2022-08-29 20:00,9,Low clouds
Monday,2022-08-29 21:00,8,Low clouds
Monday,2022-08-29 22:00,8,Low clouds
Monday,2022-08-29 23:00,7,Low clouds
Tuesday,2022-08-30 0:00,7,Low clouds
Tuesday,2022-08-30 1:00,7,Low clouds
Tuesday,2022-08-30 2:00,7,Low clouds
Tuesday,2022-08-30 3:00,6,Low clouds
Tuesday,2022-08-30 4:00,6,Low clouds
Tuesday,2022-08-30 5:00,6,Low clouds
Tuesday,2022-08-30 6:00,6,Low clouds
Tuesday,2022-08-30 7:00,5,Low clouds
Tuesday,2022-08-30 8:00,5,Low clouds
Tuesday,2022-08-30 9:00,5,Low clouds
Tuesday,2022-08-30 10:00,5,Low clouds
Tuesday,2022-08-30 11:00,5,Low clouds
Tuesday,2022-08-30 12:00,5,Low clouds
Tuesday,2022-08-30 13:00,7,Windy
Tuesday,2022-08-30 14:00,7,Windy
Tuesday,2022-08-30 15:00,7,Windy
Tuesday,2022-08-30 16:00,8,Windy
Tuesday,2022-08-30 17:00,8,Windy
Tuesday,2022-08-30 18:00,8,Clear
Tuesday,2022-08-30 19:00,8,Clear
Tuesday,2022-08-30 20:00,8,Clear
Tuesday,2022-08-30 21:00,10,Low clouds
Tuesday,2022-08-30 22:00,10,Low clouds
Tuesday,2022-08-30 23:00,10,Low clouds
Wednesday,2022-08-31 0:00,10,Low clouds
Wednesday,2022-08-31 1:00,10,Low clouds
Wednesday,2022-08-31 2:00,10,Low clouds
Wednesday,2022-08-31 3:00,11,Low clouds
Wednesday,2022-08-31 4:00,12,Low clouds
Wednesday,2022-08-31 5:00,13,Low clouds
Wednesday,2022-08-31 6:00,11,Rain and Thunderstorms
Wednesday,2022-08-31 7:00,11,Rain and Thunderstorms
Wednesday,2022-08-31 8:00,11,Rain and Thunderstorms
Wednesday,2022-08-31 9:00,11,Rain and Thunderstorms
Wednesday,2022-08-31 10:00,11,Rain and Thunderstorms
Wednesday,2022-08-31 11:00,11,Rain and Thunderstorms
Wednesday,2022-08-31 12:00,11,Rain and Thunderstorms
Wednesday,2022-08-31 13:00,13,Rain and Thunderstorms
Wednesday,2022-08-31 14:00,13,Rain and Thunderstorms
Wednesday,2022-08-31 15:00,13,Rain and Thunderstorms
Wednesday,2022-08-31 16:00,13,Rain and Thunderstorms
Wednesday,2022-08-31 17:00,13,Rain and Thunderstorms
Wednesday,2022-08-31 18:00,12,Rain and Thunderstorms
Wednesday,2022-08-31 19:00,12,Rain and Thunderstorms
Wednesday,2022-08-31 20:00,10,Rain and Thunderstorms
Wednesday,2022-08-31 21:00,10,Rain and Thunderstorms
Wednesday,2022-08-31 22:00,8,Clear
Wednesday,2022-08-31 23:00,8,Clear
Thursday,2022-09-01 0:00,10,Clear
Thursday,2022-09-01 1:00,10,Clear
Thursday,2022-09-01 2:00,10,Clear
Thursday,2022-09-01 3:00,10,Clear
Thursday,2022-09-01 4:00,10,Clear
Thursday,2022-09-01 5:00,10,Clear
Thursday,2022-09-01 6:00,13,Clear
Thursday,2022-09-01 7:00,13,Clear
Thursday,2022-09-01 8:00,13,Cloudy
Thursday,2022-09-01 9:00,15,Cloudy
Thursday,2022-09-01 10:00,16,Cloudy
Thursday,2022-09-01 11:00,17,Cloudy
Thursday,2022-09-01 12:00,18,Cloudy
Thursday,2022-09-01 13:00,22,Cloudy
Thursday,2022-09-01 14:00,22,Cloudy
Thursday,2022-09-01 15:00,22,Cloudy
Thursday,2022-09-01 16:00,22,Cloudy
Thursday,2022-09-01 17:00,21,Cloudy
Thursday,2022-09-01 18:00,20,Cloudy
Thursday,2022-09-01 19:00,15,Clear
Thursday,2022-09-01 20:00,15,Clear
Thursday,2022-09-01 21:00,15,Clear
Thursday,2022-09-01 22:00,15,Clear
Thursday,2022-09-01 23:00,15,Clear
Friday,2022-09-02 0:00,14,Low clouds
Friday,2022-09-02 1:00,9,Low clouds
Friday,2022-09-02 2:00,10,Low clouds
Friday,2022-09-02 3:00,9,Low clouds
Friday,2022-09-02 4:00,9,Low clouds
Friday,2022-09-02 5:00,12,Low clouds
Friday,2022-09-02 6:00,17,Sunny
Friday,2022-09-02 7:00,19,Sunny
Friday,2022-09-02 8:00,19,Sunny
Friday,2022-09-02 9:00,19,Sunny
Friday,2022-09-02 10:00,20,Sunny
Friday,2022-09-02 11:00,20,Sunny
Friday,2022-09-02 12:00,20,Sunny
Friday,2022-09-02 13:00,22,Sunny
Friday,2022-09-02 14:00,21,Sunny
Friday,2022-09-02 15:00,20,Sunny
Friday,2022-09-02 16:00,20,Sunny
Friday,2022-09-02 17:00,20,Sunny
Friday,2022-09-02 18:00,20,Sunny
Friday,2022-09-02 19:00,19,Sunny
Friday,2022-09-02 20:00,12,Low clouds
Friday,2022-09-02 21:00,9,Low clouds
Friday,2022-09-02 22:00,9,Low clouds
Friday,2022-09-02 23:00,9,Low clouds
Saturday,2022-09-03 0:00,9,Low clouds
Saturday,2022-09-03 1:00,9,Low clouds
Saturday,2022-09-03 2:00,9,Low clouds
Saturday,2022-09-03 3:00,9,Low clouds
Saturday,2022-09-03 4:00,9,Low clouds
Saturday,2022-09-03 5:00,10,Windy
Saturday,2022-09-03 6:00,11,Windy
Saturday,2022-09-03 7:00,12,Windy
Saturday,2022-09-03 8:00,13,Windy
Saturday,2022-09-03 9:00,14,Windy
Saturday,2022-09-03 10:00,15,Windy
Saturday,2022-09-03 11:00,15,Windy
Saturday,2022-09-03 12:00,15,Windy
Saturday,2022-09-03 13:00,16,Partly Sunny
Saturday,2022-09-03 14:00,16,Partly Sunny
Saturday,2022-09-03 15:00,16,Partly Sunny
Saturday,2022-09-03 16:00,16,Partly Sunny
Saturday,2022-09-03 17:00,16,Partly Sunny
Saturday,2022-09-03 18:00,14,Cloudy
Saturday,2022-09-03 19:00,14,Cloudy
Saturday,2022-09-03 20:00,14,Cloudy
Saturday,2022-09-03 21:00,14,Cloudy
Saturday,2022-09-03 22:00,14,Cloudy
Saturday,2022-09-03 23:00,15,Cloudy
Sunday,2022-09-04 0:00,14,Low clouds
Sunday,2022-09-04 1:00,9,Low clouds
Sunday,2022-09-04 2:00,10,Low clouds
Sunday,2022-09-04 3:00,9,Low clouds
Sunday,2022-09-04 4:00,9,Low clouds
Sunday,2022-09-04 5:00,12,Low clouds
Sunday,2022-09-04 6:00,17,Sunny
Sunday,2022-09-04 7:00,19,Sunny
Sunday,2022-09-04 8:00,19,Sunny
Sunday,2022-09-04 9:00,19,Sunny
Sunday,2022-09-04 10:00,20,Sunny
Sunday,2022-09-04 11:00,20,Sunny
Sunday,2022-09-04 12:00,20,Sunny
Sunday,2022-09-04 13:00,22,Sunny
Sunday,2022-09-04 14:00,21,Sunny
Sunday,2022-09-04 15:00,20,Sunny
Sunday,2022-09-04 16:00,20,Sunny
Sunday,2022-09-04 17:00,20,Sunny
Sunday,2022-09-04 18:00,20,Sunny
Sunday,2022-09-04 19:00,19,Sunny
Sunday,2022-09-04 20:00,12,Low clouds
Sunday,2022-09-04 21:00,9,Low clouds
Sunday,2022-09-04 22:00,9,Low clouds
Sunday,2022-09-04 23:00,9,Low clouds
Monday,2022-09-05 0:00,10,Clear
Monday,2022-09-05 1:00,10,Clear
Monday,2022-09-05 2:00,10,Clear
Monday,2022-09-05 3:00,10,Clear
Monday,2022-09-05 4:00,10,Clear
Monday,2022-09-05 5:00,10,Clear
Monday,2022-09-05 6:00,11,Sunny
Monday,2022-09-05 7:00,11,Sunny
Monday,2022-09-05 8:00,11,Sunny
Monday,2022-09-05 9:00,12,Sunny
Monday,2022-09-05 10:00,12,Sunny
Monday,2022-09-05 11:00,12,Sunny
Monday,2022-09-05 12:00,14,Sunny
Monday,2022-09-05 13:00,15,Sunny
Monday,2022-09-05 14:00,13,Sunny
Monday,2022-09-05 15:00,11,Sunny
Monday,2022-09-05 16:00,11,Sunny
Monday,2022-09-05 17:00,11,Sunny
Monday,2022-09-05 18:00,10,Low clouds
Monday,2022-09-05 19:00,10,Low clouds
Monday,2022-09-05 20:00,9,Low clouds
Monday,2022-09-05 21:00,8,Low clouds
Monday,2022-09-05 22:00,8,Low clouds
Monday,2022-09-05 23:00,7,Low clouds
Tuesday,2022-09-06 0:00,7,Low clouds
Tuesday,2022-09-06 1:00,7,Low clouds
Tuesday,2022-09-06 2:00,7,Low clouds
Tuesday,2022-09-06 3:00,6,Low clouds
Tuesday,2022-09-06 4:00,6,Low clouds
Tuesday,2022-09-06 5:00,6,Low clouds
Tuesday,2022-09-06 6:00,6,Low clouds
Tuesday,2022-09-06 7:00,5,Low clouds
Tuesday,2022-09-06 8:00,5,Low clouds
Tuesday,2022-09-06 9:00,5,Low clouds
Tuesday,2022-09-06 10:00,5,Low clouds
Tuesday,2022-09-06 11:00,5,Low clouds
Tuesday,2022-09-06 12:00,5,Low clouds
Tuesday,2022-09-06 13:00,7,Windy
Tuesday,2022-09-06 14:00,7,Windy
Tuesday,2022-09-06 15:00,7,Windy
Tuesday,2022-09-06 16:00,8,Windy
Tuesday,2022-09-06 17:00,8,Windy
Tuesday,2022-09-06 18:00,8,Clear
Tuesday,2022-09-06 19:00,8,Clear
Tuesday,2022-09-06 20:00,8,Clear
Tuesday,2022-09-06 21:00,10,Low clouds
Tuesday,2022-09-06 22:00,10,Low clouds
Tuesday,2022-09-06 23:00,10,Low clouds
Wednesday,2022-09-07 0:00,10,Low clouds
Wednesday,2022-09-07 1:00,10,Low clouds
Wednesday,2022-09-07 2:00,10,Low clouds
Wednesday,2022-09-07 3:00,11,Low clouds
Wednesday,2022-09-07 4:00,12,Low clouds
Wednesday,2022-09-07 5:00,13,Low clouds
Wednesday,2022-09-07 6:00,11,Rain and Thunderstorms
Wednesday,2022-09-07 7:00,11,Rain and Thunderstorms
Wednesday,2022-09-07 8:00,11,Rain and Thunderstorms
Wednesday,2022-09-07 9:00,11,Rain and Thunderstorms
Wednesday,2022-09-07 10:00,11,Rain and Thunderstorms
Wednesday,2022-09-07 11:00,11,Rain and Thunderstorms
Wednesday,2022-09-07 12:00,11,Rain and Thunderstorms
Wednesday,2022-09-07 13:00,13,Rain and Thunderstorms
Wednesday,2022-09-07 14:00,13,Rain and Thunderstorms
Wednesday,2022-09-07 15:00,13,Rain and Thunderstorms
Wednesday,2022-09-07 16:00,13,Rain and Thunderstorms
Wednesday,2022-09-07 17:00,13,Rain and Thunderstorms
Wednesday,2022-09-07 18:00,12,Rain and Thunderstorms
Wednesday,2022-09-07 19:00,12,Rain and Thunderstorms
Wednesday,2022-09-07 20:00,10,Rain and Thunderstorms
Wednesday,2022-09-07 21:00,10,Rain and Thunderstorms
Wednesday,2022-09-07 22:00,8,Clear
Wednesday,2022-09-07 23:00,8,Clear
Thursday,2022-09-08 0:00,10,Clear
Thursday,2022-09-08 1:00,10,Clear
Thursday,2022-09-08 2:00,10,Clear
Thursday,2022-09-08 3:00,10,Clear
Thursday,2022-09-08 4:00,10,Clear
Thursday,2022-09-08 5:00,10,Clear
Thursday,2022-09-08 6:00,13,Clear
Thursday,2022-09-08 7:00,13,Clear
Thursday,2022-09-08 8:00,13,Cloudy
Thursday,2022-09-08 9:00,15,Cloudy
Thursday,2022-09-08 10:00,16,Cloudy
Thursday,2022-09-08 11:00,17,Cloudy
Thursday,2022-09-08 12:00,18,Cloudy
Thursday,2022-09-08 13:00,22,Cloudy
Thursday,2022-09-08 14:00,22,Cloudy
Thursday,2022-09-08 15:00,22,Cloudy
Thursday,2022-09-08 16:00,22,Cloudy
Thursday,2022-09-08 17:00,21,Cloudy
Thursday,2022-09-08 18:00,20,Cloudy
Thursday,2022-09-08 19:00,15,Clear
Thursday,2022-09-08 20:00,15,Clear
Thursday,2022-09-08 21:00,15,Clear
Thursday,2022-09-08 22:00,15,Clear
Thursday,2022-09-08 23:00,15,Clear
Friday,2022-09-09 0:00,14,Low clouds
Friday,2022-09-09 1:00,9,Low clouds
Friday,2022-09-09 2:00,10,Low clouds
Friday,2022-09-09 3:00,9,Low clouds
Friday,2022-09-09 4:00,9,Low clouds
Friday,2022-09-09 5:00,12,Low clouds
Friday,2022-09-09 6:00,17,Sunny
Friday,2022-09-09 7:00,19,Sunny
Friday,2022-09-09 8:00,19,Sunny
Friday,2022-09-09 9:00,19,Sunny
Friday,2022-09-09 10:00,20,Sunny
Friday,2022-09-09 11:00,20,Sunny
Friday,2022-09-09 12:00,20,Sunny
Friday,2022-09-09 13:00,22,Sunny
Friday,2022-09-09 14:00,21,Sunny
Friday,2022-09-09 15:00,20,Sunny
Friday,2022-09-09 16:00,20,Sunny
Friday,2022-09-09 17:00,20,Sunny
Friday,2022-09-09 18:00,20,Sunny
Friday,2022-09-09 19:00,19,Sunny
Friday,2022-09-09 20:00,12,Low clouds
Friday,2022-09-09 21:00,9,Low clouds
Friday,2022-09-09 22:00,9,Low clouds
Friday,2022-09-09 23:00,9,Low clouds
Saturday,2022-09-10 0:00,9,Low clouds
Saturday,2022-09-10 1:00,9,Low clouds
Saturday,2022-09-10 2:00,9,Low clouds
Saturday,2022-09-10 3:00,9,Low clouds
Saturday,2022-09-10 4:00,9,Low clouds
Saturday,2022-09-10 5:00,10,Windy
Saturday,2022-09-10 6:00,11,Windy
Saturday,2022-09-10 7:00,12,Windy
Saturday,2022-09-10 8:00,13,Windy
Saturday,2022-09-10 9:00,14,Windy
Saturday,2022-09-10 10:00,15,Windy
Saturday,2022-09-10 11:00,15,Windy
Saturday,2022-09-10 12:00,15,Windy
Saturday,2022-09-10 13:00,16,Partly Sunny
Saturday,2022-09-10 14:00,16,Partly Sunny
Saturday,2022-09-10 15:00,16,Partly Sunny
Saturday,2022-09-10 16:00,16,Partly Sunny
Saturday,2022-09-10 17:00,16,Partly Sunny
Saturday,2022-09-10 18:00,14,Cloudy
Saturday,2022-09-10 19:00,14,Cloudy
Saturday,2022-09-10 20:00,14,Cloudy
Saturday,2022-09-10 21:00,14,Cloudy
Saturday,2022-09-10 22:00,14,Cloudy
Saturday,2022-09-10 23:00,15,Cloudy
